"","county_id","county","waterbody","site","lat_dd","long_dd"
"1","18","Kitsap","Liberty Bay","Adams Beach Site 9",47.69782,-122.60502
"2","16","Jefferson","Discovery Bay","Adelma Beach",48.04877,-122.83129
"3","15","Island","Admiralty Bay","Admiralty Bay",48.11823,-122.61452
"4","16","Jefferson","Port Townsend","Admiralty Inlet",48.10575,-122.66682
"5","05","Clallam","East Straits","Agate Beach",48.16145,-123.73636
"6","18","Kitsap","Agate Passage","Agate Pass Bridge East",47.71129,-122.56478
"7","18","Kitsap","Agate Passage","Agate Pass Bridge South",47.71232,-122.56808
"8","18","Kitsap","Agate Passage","Agate Pass Bridge West",47.71312,-122.5673
"9","18","Kitsap","Agate Passage","Agate Pass Tract #06800",47.70419,-122.5707
"10","18","Kitsap","Agate Passage","Agate Passage",47.71617,-122.56136
"11","18","Kitsap","Port Madison","Agate Point",47.72123,-122.54931
"12","15","Island","Skagit Bay","Ala Spit",48.39783,-122.58584
"13","37","Whatcom","Georgia Straits Sout","Alden Bank",48.80602,-122.79175
"14","37","Whatcom","Georgia Straits Sout","Alden Bank Tract #02800",48.8211,-122.82175
"15","23","Mason","Hood Canal #6","Alderbrook",47.34951,-123.06803
"16","28","San Juan","South Lopez","Aleck Bay",48.42746,-122.85593
"17","16","Jefferson","Jefferson Coast","Alexander Island",47.7983,-124.50743
"18","17","King","South King County","Alki Beach",47.57299,-122.41736
"19","29","Skagit","West Fidalgo Island","Allan Island",48.46439,-122.70469
"20","17","King","East Passage","Allen Bank",47.52338,-122.46937
"21","23","Mason","Case Inlet","Allyn",47.38349,-122.82599
"22","27","Pierce","Drayton Passage","Amsterdam Bay",47.16137,-122.72628
"23","16","Jefferson","Discovery Bay","Anderson Beach",48.01226,-122.86083
"24","27","Pierce","Balch Passage","Anderson Island Ferry Landing",47.17842,-122.67767
"25","05","Clallam","Clallam Coast","Anderson Point",48.29726,-124.68263
"26","28","San Juan","Haro Strait","Andrews Bay Co Park",48.54268,-123.16214
"27","05","Clallam","East Straits","Angeles Point",48.15162,-123.55324
"28","23","Mason","Hood Canal #6","Annas Bay",47.35447,-123.14825
"29","18","Kitsap","Kingston","Apple Cove Pt N Tract #06250",47.84815,-122.50101
"30","18","Kitsap","Kingston","Apple Tree Cove Tract #06350",47.79159,-122.48971
"31","18","Kitsap","Kingston","Appletree Cove",47.7954,-122.50262
"32","23","Mason","Pickering Passage","Arcadia Tracts",47.20161,-122.93137
"33","28","San Juan","San Juan Channel","Argyle Lagoon",48.5167,-123.01858
"34","18","Kitsap","Agate Passage","Arrow Point",47.67498,-122.57106
"35","34","Thurston","Nisqually Reach","Atlas Powder Dock",47.11825,-122.75745
"36","23","Mason","Hood Canal #5","Ayock Point",47.50706,-123.05386
"37","23","Mason","Hood Canal #6","Ayres (Bald) Point",47.37469,-123.11316
"38","27","Pierce","Carr Inlet","Baldwin Point",47.22325,-122.66659
"39","18","Kitsap","Hood Canal #1","Bangor",47.72091,-122.74739
"40","28","San Juan","South Lopez","Barlow Bay",48.43484,-122.87189
"41","28","San Juan","President Channel","Barnes Island",48.69999,-122.7761
"42","05","Clallam","Sequim Bay","Battelle Lab Dock",48.07909,-123.04497
"43","18","Kitsap","West Bainbridge","Battle Point",47.66312,-122.59365
"44","18","Kitsap","Agate Passage","Battle Point N Tract #07000",47.67939,-122.57514
"45","18","Kitsap","West Bainbridge","Battle Point Tract #07100",47.63382,-122.58047
"46","25","Pacific","Willapa Bay","Bay Center Area",46.61478,-123.96784
"47","25","Pacific","Willapa Bay","Bay Center Dock",46.62505,-123.94702
"48","29","Skagit","Padilla Bay","Bay View State Park",48.48852,-122.48203
"49","23","Mason","Oakland Bay","Bayshore Area",47.24447,-123.04772
"50","16","Jefferson","Discovery Bay","Beckett Point",48.07621,-122.8917
"51","23","Mason","Hood Canal #9","Belfair Park",47.42855,-122.87437
"52","23","Mason","Hood Canal #9","Belfair/Port Dock",47.42083,-122.90165
"53","28","San Juan","San Juan Channel","Bell Island",48.59599,-122.98084
"54","37","Whatcom","Bellingham Bay","Bellingham Bay",48.7363,-122.56097
"55","15","Island","Holmes Harbor","Beverly Beach",48.06009,-122.51367
"56","18","Kitsap","Hood Canal #2","Big Beef Bay",47.65471,-122.78265
"57","34","Thurston","Nisqually Reach","Big Slough/Sandy Pt Tr #13850",47.13,-122.77222
"58","37","Whatcom","Birch Bay","Birch Bay",48.92437,-122.76751
"59","37","Whatcom","Birch Bay","Birch Bay State Park",48.90703,-122.76929
"60","37","Whatcom","Birch Bay","Birch Bay Village",48.93336,-122.78714
"61","37","Whatcom","Georgia Straits Nort","Birch Point",48.94165,-122.82239
"62","16","Jefferson","Kilisut Harbor","Bishop Point",48.04583,-122.71192
"63","18","Kitsap","Blake Island","Blake Island",47.53805,-122.49301
"64","18","Kitsap","Blake Island","Blake Island E Tract #08500",47.5305,-122.48057
"65","18","Kitsap","Blake Island","Blake Island N Tract #08400",47.54979,-122.49694
"66","18","Kitsap","East Bainbridge","Blakely Harbor",47.59539,-122.50596
"67","28","San Juan","Rosario Strait","Blakely Island",48.56207,-122.80533
"68","18","Kitsap","East Bainbridge","Blakely Rock",47.59497,-122.48011
"69","29","Skagit","Samish Bay","Blanchard",48.59859,-122.42165
"70","28","San Juan","West Sound","Blind Bay",48.5801,-122.93661
"71","29","Skagit","Samish Bay","Blue Heron Beach",48.57957,-122.54235
"72","16","Jefferson","Port Townsend","Boggy Spit",48.09118,-122.73306
"73","34","Thurston","Squaxin Passage","Boston Harbor Marina",47.14099,-122.90472
"74","37","Whatcom","Bellingham Bay","Brant Point",48.72065,-122.62544
"75","18","Kitsap","Sinclair Inlet","Bremerton",47.56969,-122.63841
"76","27","Pierce","Hale Passage","Bridge Approach",47.2735,-122.65142
"77","18","Kitsap","Hood Canal #1","Bridge Tract #20650",47.83163,-122.6425
"78","16","Jefferson","Hood Canal #3","Brinnon",47.70035,-122.89449
"79","28","San Juan","West Sound","Broken Point",48.59386,-122.96722
"80","16","Jefferson","Hood Canal #1","Brown Point",47.75084,-122.75581
"81","16","Jefferson","Hood Canal #1","Brown Pt S Tract #20900",47.7627,-122.74995
"82","16","Jefferson","Hood Canal #1","Brown Pt Tract #20800",47.78663,-122.74394
"83","27","Pierce","Commencement Bay","Browns Point",47.30637,-122.44511
"84","29","Skagit","Skagit Bay","Browns Slough",48.32969,-122.42102
"85","18","Kitsap","West Bainbridge","Brownsville",47.65166,-122.61532
"86","18","Kitsap","West Bainbridge","Brownsville Tract #07200",47.65217,-122.60743
"87","25","Pacific","Willapa Bay","Bruceport Area",46.69603,-123.90249
"88","28","San Juan","East Sound","Buck Bay",48.62063,-122.83181
"89","34","Thurston","Budd Inlet","Budd Inlet",47.10481,-122.91114
"90","05","Clallam","Sequim Bay","Bugge Spit",48.08195,-123.04609
"91","34","Thurston","Budd Inlet","Burfoot Co Park",47.13077,-122.9047
"92","27","Pierce","Carr Inlet","Burley Lagoon",47.38597,-122.63375
"93","29","Skagit","West Fidalgo Island","Burrows Bay",48.46994,-122.6727
"94","29","Skagit","West Fidalgo Island","Burrows Island",48.47962,-122.69876
"95","17","King","Quartermaster Harbor","Burton Acres Park",47.39387,-122.44945
"96","17","King","Quartermaster Harbor","Burton/Jensen Point",47.38971,-122.44569
"97","15","Island","Useless Bay","Bush Point",48.03076,-122.60743
"98","16","Jefferson","North Hood","Bywater Bay",47.88613,-122.62722
"99","15","Island","Saratoga Passage","Cama Beach",48.1422,-122.51547
"100","15","Island","Saratoga Passage","Camano",48.17395,-122.53027
"101","15","Island","Port Susan","Camano Head",48.05703,-122.3565
"102","15","Island","Saratoga Passage","Camano Island",48.20314,-122.49914
"103","15","Island","Saratoga Passage","Camano State Park",48.12703,-122.49938
"104","28","San Juan","President Channel","Camp Orkila",48.70164,-122.94232
"105","28","San Juan","Lopez Sound","Canoe Island",48.55792,-122.92591
"106","29","Skagit","Fidalgo Bay","Cap Sante Marina",48.51319,-122.60788
"107","25","Pacific","Pacific County Coast","Cape Disappointment/Pt Brown",46.66527,-124.16547
"108","05","Clallam","Clallam Coast","Cape Flattery",48.3845,-124.72854
"109","16","Jefferson","Discovery Bay","Cape George",48.10323,-122.88554
"110","23","Mason","Hammersley Inlet","Cape Horn",47.20286,-122.95242
"111","17","King","North King County","Carkeek Park",47.71242,-122.38113
"112","34","Thurston","Squaxin Passage","Carlyon Beach",47.18223,-122.93793
"113","27","Pierce","Carr Inlet","Carr Inlet",47.28036,-122.71702
"114","16","Jefferson","Discovery Bay","Carr Point",48.04752,-122.87317
"115","15","Island","Possession Sound","Cascade View",48.01113,-122.37373
"116","23","Mason","Case Inlet","Case Inlet",47.27645,-122.85314
"117","27","Pierce","Case Inlet","Case Inlet",47.28412,-122.82118
"118","16","Jefferson","Hood Canal #1","Case Shoal",47.84878,-122.68277
"119","16","Jefferson","Hood Canal #1","Case Shoal S Tract #20450",47.84596,-122.67383
"120","16","Jefferson","Hood Canal #1","Case Shoal Tract #20400",47.85363,-122.67116
"121","28","San Juan","South Lopez","Castle Island",48.42153,-122.82177
"122","23","Mason","Case Inlet","Catron Cove",47.35557,-122.829
"123","28","San Juan","South Lopez","Cattle Point",48.45016,-122.96163
"124","15","Island","Port Susan","Cavalero Beach",48.17353,-122.47561
"125","27","Pierce","South Narrows","Chambers Creek",47.18579,-122.58589
"126","23","Mason","Oakland Bay","Chapman Cove",47.22503,-123.0373
"127","14","Grays Harbor","Grays Harbor","Chehalis River Basin",46.95457,-123.91516
"128","31","Snohomish","Possession Sound","Chenault Beach",47.90458,-122.3252
"129","27","Pierce","Carr Inlet","Cherry Cove",47.35013,-122.65539
"130","37","Whatcom","Georgia Straits Sout","Cherry Point",48.86137,-122.74887
"131","18","Kitsap","Dyes Inlet","Chico Bay",47.61105,-122.70241
"132","37","Whatcom","Bellingham Bay","Chuckanut Bay",48.68423,-122.49861
"133","37","Whatcom","Bellingham Bay","Chuckanut Island",48.67707,-122.50234
"134","37","Whatcom","Bellingham Bay","Chuckanut Village",48.70141,-122.49768
"135","05","Clallam","West Straits","Clallam Bay",48.26002,-124.27652
"136","18","Kitsap","Rich Passage","Clam Bay",47.5712,-122.54727
"137","23","Mason","Hood Canal #6","Clark Creek",47.42013,-123.13
"138","28","San Juan","President Channel","Clark Island",48.70067,-122.76498
"139","29","Skagit","Samish Bay","Clayton Beach",48.63987,-122.48195
"140","28","San Juan","Sucia Island","Clements Reef",48.77588,-122.88821
"141","05","Clallam","Dungeness Bay","Cline Spit",48.15572,-123.15083
"142","15","Island","Possession Sound","Clinton/Columbia Beach",47.97517,-122.35149
"143","28","San Juan","South Lopez","Colville Island",48.41532,-122.82234
"144","17","King","Colvos Passage","Colvos Passage",47.43298,-122.51198
"145","16","Jefferson","Port Ludlow","Colvos Rocks",47.94975,-122.66739
"146","16","Jefferson","North Hood","Colvos Rocks East Tract #1930",47.94591,-122.66644
"147","27","Pierce","Commencement Bay","Commencement Bay",47.29151,-122.45892
"148","29","Skagit","Cypress Island","Cone Island",48.59334,-122.68177
"149","18","Kitsap","North Hood","Coon Bay 1-4 Tract #19900",47.8909,-122.58888
"150","14","Grays Harbor","Grays Harbor Coast","Copalis",47.11704,-124.18325
"151","14","Grays Harbor","Grays Harbor Coast","Copalis Area GS",47.10565,-124.1805
"152","14","Grays Harbor","Grays Harbor Coast","Copalis Area K",47.02425,-124.17306
"153","14","Grays Harbor","Grays Harbor Coast","Copalis Area L",47.07884,-124.17339
"154","14","Grays Harbor","Grays Harbor Coast","Copalis Area XK",47.05485,-124.17132
"155","14","Grays Harbor","Grays Harbor Coast","Copalis Area XL",47.08932,-124.17635
"156","14","Grays Harbor","Grays Harbor Coast","Copalis QBR",47.03955,-124.17353
"157","15","Island","Deception Pass","Cornet Bay",48.39835,-122.62753
"158","15","Island","Penn Cove","Coupeville",48.22111,-122.68393
"159","17","King","Colvos Passage","Cove Area/James Pt",47.45841,-122.50955
"160","29","Skagit","Fidalgo Bay","Crandell Spit (March Point)",48.49337,-122.57637
"161","28","San Juan","San Juan Channel","Crane Island",48.59721,-122.99883
"162","16","Jefferson","Port Townsend","Crane Point",48.04796,-122.74253
"163","05","Clallam","East Straits","Crescent Bay",48.16072,-123.71663
"164","15","Island","Saratoga Passage","Crescent Harbor",48.2986,-122.59223
"165","18","Kitsap","West Bainbridge","Crystal Springs",47.6034,-122.57611
"166","15","Island","Possession Sound","Cultus Bay",47.91889,-122.39926
"167","15","Island","Possession Sound","Cultus Bay Tract #05450",47.90014,-122.40726
"168","27","Pierce","Carr Inlet","Cutts Island",47.32087,-122.68773
"169","29","Skagit","Cypress Island","Cypress Island",48.5741,-122.70938
"170","29","Skagit","Cypress Island","Cypress Reef",48.53641,-122.71982
"171","16","Jefferson","Dabob Bay","Dabob Bay",47.76963,-122.82102
"172","16","Jefferson","Protection Island","Dallas Bank",48.15208,-122.9353
"173","16","Jefferson","Protection Island","Dallas Bank Tract #01050",48.1551,-122.90953
"174","28","San Juan","Haro Strait","Danger Shoal",48.66943,-123.07345
"175","27","Pierce","Commencement Bay","Dash Point",47.32001,-122.42981
"176","15","Island","Port Susan","Davis Slough",48.22888,-122.39673
"177","31","Snohomish","Port Susan","Davis Slough",48.24646,-122.39711
"178","27","Pierce","Narrows","Day Island Marina",47.24334,-122.55972
"179","28","San Juan","Rosario Strait","Decatur Island",48.50989,-122.81193
"180","15","Island","Deception Pass","Deception Pass Park",48.40018,-122.66479
"181","29","Skagit","Deception Pass","Deception Pass Park",48.41525,-122.65194
"182","05","Clallam","East Straits","Deep Creek",48.17469,-124.02597
"183","23","Mason","Totten Inlet","Deepwater Point",47.1237,-123.02145
"184","28","San Juan","San Juan Channel","Deer Harbor",48.62009,-123.00179
"185","17","King","South King County","Des Moines Beach",47.40497,-122.33474
"186","17","King","South King County","Des Moines Marina",47.40062,-122.32992
"187","16","Jefferson","Jefferson Coast","Destruction Island",47.67469,-124.48542
"188","27","Pierce","Drayton Passage","Devil's Head Dolphin",47.16676,-122.76413
"189","29","Skagit","Deception Pass","Dewey Beach",48.42319,-122.60708
"190","05","Clallam","Discovery Bay","Diamond Point",48.09488,-122.91488
"191","25","Pacific","Willapa Bay","Diamond Point",46.53743,-123.96075
"192","15","Island","Holmes Harbor","Dines Point",48.07578,-122.54625
"193","15","Island","Holmes Harbor","Dines Point Tract #03400",48.09892,-122.56176
"194","05","Clallam","Discovery Bay","Discovery Bay",48.08422,-122.90969
"195","16","Jefferson","Discovery Bay","Discovery Bay",48.0465,-122.85483
"196","16","Jefferson","Discovery Bay","Discovery Bay Condos",48.00872,-122.86144
"197","23","Mason","Hood Canal #5","DNR Beach 48",47.50405,-123.0318
"198","34","Thurston","Budd Inlet","DNR Dock",47.09914,-122.89464
"199","17","King","Quartermaster Harbor","Dockton",47.37184,-122.45314
"200","28","San Juan","Rosario Strait","Doe Bay",48.63843,-122.78229
"201","28","San Juan","West Sound","Dolphin Bay",48.63412,-122.88236
"202","17","King","East Passage","Dolphin Point",47.50292,-122.45098
"203","16","Jefferson","Hood Canal #3","Dosewallips",47.68591,-122.89102
"204","29","Skagit","Guemes Island","Dot Island",48.53382,-122.55322
"205","15","Island","Useless Bay","Double Bluff",47.9687,-122.55021
"206","15","Island","Useless Bay","Double Bluff Tract #05300",47.96707,-122.51182
"207","37","Whatcom","Drayton Harbor","Drayton Harbor",48.97719,-122.7607
"208","27","Pierce","Drayton Passage","Drayton Passage",47.18017,-122.73512
"209","27","Pierce","Drayton Passage","Drayton Tract #13100",47.17852,-122.73981
"210","18","Kitsap","Colvos Passage","Driftwood Cove",47.49117,-122.5133
"211","16","Jefferson","Hood Canal #3","Duckabush",47.64711,-122.92964
"212","15","Island","Skagit Bay","Dugualla Bay",48.35763,-122.59149
"213","05","Clallam","Dungeness Bay","Dungeness Bay",48.16351,-123.15183
"214","05","Clallam","Dungeness Bay","Dungeness Bay West",48.14981,-123.17925
"215","05","Clallam","Dungeness Bay","Dungeness River Flat",48.15622,-123.12891
"216","05","Clallam","Dungeness Bay","Dungeness Spit",48.17556,-123.14611
"217","05","Clallam","East Straits","Dungeness Spit Tract #00350",48.13954,-123.23712
"218","27","Pierce","Nisqually Reach","Dupont Wharf",47.11842,-122.66813
"219","27","Pierce","Case Inlet","Dutcher Cove",47.30946,-122.78648
"220","18","Kitsap","Dyes Inlet","Dyes Inlet",47.61657,-122.68376
"221","17","King","East Passage","E Maury Island",47.37134,-122.42189
"222","16","Jefferson","Discovery Bay","Eagle Creek",48.0659,-122.9286
"223","23","Mason","Hood Canal #5","Eagle Creek",47.48465,-123.07719
"224","18","Kitsap","East Bainbridge","Eagle Harbor",47.61948,-122.51543
"225","29","Skagit","Cypress Island","Eagle Harbor",48.58915,-122.69662
"226","27","Pierce","Balch Passage","Eagle Island Park",47.18734,-122.69628
"227","05","Clallam","West Straits","Eagle Point",48.27968,-124.34356
"228","28","San Juan","Haro Strait","Eagle Point/Eagle Cove",48.45918,-123.03327
"229","18","Kitsap","Dyes Inlet","East Erlands Point",47.60176,-122.68544
"230","16","Jefferson","Port Townsend","East Fort Flagler",48.09202,-122.692
"231","37","Whatcom","East Lummi Island","East Lummi Island",48.69896,-122.66333
"232","29","Skagit","Padilla Bay","East March Point",48.48474,-122.54534
"233","16","Jefferson","Port Townsend","East Marrowstone Island",48.05692,-122.68381
"234","23","Mason","Case Inlet","East North Bay",47.38495,-122.81552
"235","16","Jefferson","Oak Bay","East Oak Bay",48.02281,-122.71397
"236","18","Kitsap","North Hood","East of Point Hannon",47.88759,-122.58051
"237","05","Clallam","Sequim Bay","East Sequim Bay",48.06909,-123.01042
"238","28","San Juan","East Sound","East Sound",48.65529,-122.89345
"239","28","San Juan","East Sound","East Sound DNR 267",48.64041,-122.88645
"240","23","Mason","Peale Passage","East Squaxin Island",47.20417,-122.90553
"241","15","Island","West Whidbey","Ebey Landing",48.19196,-122.70966
"242","28","San Juan","Sucia Island","Echo Bay",48.76121,-122.89522
"243","27","Pierce","Hale Passage","Echo Cove",47.27113,-122.65019
"244","05","Clallam","East Straits","Ediz Hook",48.13898,-123.40568
"245","31","Snohomish","Possession Sound","Edmonds",47.8151,-122.38056
"246","31","Snohomish","Possession Sound","Edmonds Marina",47.81037,-122.38975
"247","31","Snohomish","Possession Sound","Edmonds Oil Dock",47.80397,-122.39805
"248","18","Kitsap","Kingston","Eglon Boat Ramp",47.86228,-122.51277
"249","34","Thurston","Eld Inlet","Eld Inlet",47.11399,-122.94886
"250","34","Thurston","Eld Inlet","Eld Inlet E Tract #17150",47.13978,-122.9356
"251","34","Thurston","Eld Inlet","Eld Inlet W Tract #17200",47.14664,-122.93441
"252","37","Whatcom","Bellingham Bay","Eliza Island",48.65237,-122.58336
"253","14","Grays Harbor","Grays Harbor","Elk River",46.87622,-124.07299
"254","25","Pacific","Willapa Bay","Ellen Sands",46.66582,-123.96177
"255","15","Island","Skagit Bay","English Boom",48.26229,-122.43699
"256","18","Kitsap","Rich Passage","EPA Lab Dock",47.57391,-122.54643
"257","31","Snohomish","Possession Sound","Everett Marina",47.99324,-122.21675
"258","16","Jefferson","Discovery Bay","Fairmont Beach",47.99389,-122.86699
"259","28","San Juan","Haro Strait","False Bay",48.48646,-123.0687
"260","17","King","South King County","Fauntleroy Ferry Dk",47.52319,-122.39544
"261","18","Kitsap","East Bainbridge","Fay Bainbridge St Park",47.70351,-122.50677
"262","29","Skagit","Fidalgo Bay","Fidalgo Bay",48.49307,-122.59061
"263","29","Skagit","West Fidalgo Island","Fidalgo Head",48.49189,-122.70385
"264","29","Skagit","West Fidalgo Island","Fidalgo Island",48.4713,-122.65903
"265","27","Pierce","Pitt Passage","Filucy Bay",47.20958,-122.75574
"266","29","Skagit","Skagit Bay","Fir Island/Jensen Access",48.33724,-122.44226
"267","29","Skagit","Samish Bay","Fish Point",48.57692,-122.49496
"268","28","San Juan","San Juan Channel","Fisherman Bay",48.51022,-122.91934
"269","16","Jefferson","Hood Canal #3","Fisherman Harbor",47.69126,-122.80287
"270","28","San Juan","East Sound","Fishing Bay",48.68954,-122.9132
"271","28","San Juan","Lopez Sound","Flat Point",48.55121,-122.91982
"272","18","Kitsap","West Bainbridge","Fletcher Bay",47.6441,-122.57499
"273","29","Skagit","West Fidalgo Island","Flounder Bay",48.49246,-122.68036
"274","16","Jefferson","Kilisut Harbor","Fort Flagler",48.09232,-122.72162
"275","27","Pierce","Nisqually Reach","Fort Lewis",47.13884,-122.63298
"276","16","Jefferson","Port Townsend","Fort Worden",48.13562,-122.76066
"277","28","San Juan","Sucia Island","Fossil Bay",48.75053,-122.90054
"278","18","Kitsap","Admiralty Inlet","Foulweather Bluff",47.94014,-122.61742
"279","17","King","North King County","Four Mile Rocks",47.63963,-122.41499
"280","28","San Juan","West Sound","Four Winds Cove",48.61049,-122.98011
"281","27","Pierce","Carr Inlet","Fox Island",47.24744,-122.64586
"282","27","Pierce","Hale Passage","Fox Island Bridge",47.27693,-122.64951
"283","27","Pierce","Carr Inlet","Fox Island N Tract #11200",47.27662,-122.67125
"284","27","Pierce","Carr Inlet","Fox Island S Tract #11260",47.22738,-122.62496
"285","27","Pierce","Carr Inlet","Fox Island Tract #11250",47.25742,-122.65428
"286","18","Kitsap","Colvos Passage","Fragaria",47.46258,-122.53302
"287","15","Island","Holmes Harbor","Freeland",48.01618,-122.53076
"288","28","San Juan","President Channel","Freeman Island",48.69882,-122.95112
"289","18","Kitsap","Hood Canal #2","Frenchmans Cove",47.60971,-122.91732
"290","05","Clallam","East Straits","Freshwater Bay",48.14209,-123.60777
"291","05","Clallam","East Straits","Freshwater Bay Tract #00100",48.14297,-123.58576
"292","28","San Juan","San Juan Channel","Friday Harbor",48.53732,-123.01157
"293","34","Thurston","Eld Inlet","Frye Cove",47.11394,-122.96406
"294","16","Jefferson","Hood Canal #3","Fulton Creek",47.61694,-122.97435
"295","34","Thurston","Totten Inlet","Gallagher Cove Area",47.14255,-122.97887
"296","16","Jefferson","Discovery Bay","Gardiner Boat Ramp",48.05662,-122.881
"297","28","San Juan","Haro Strait","Garrison Bay",48.58544,-123.15637
"298","18","Kitsap","Agate Passage","Georges Beach Site 10",47.6954,-122.60093
"299","29","Skagit","Similk Bay","Gibralter Beach",48.43184,-122.5781
"300","27","Pierce","Colvos Passage","Gig Harbor",47.3353,-122.58304
"301","16","Jefferson","Port Townsend","Glen Cove",48.08837,-122.80053
"302","27","Pierce","Carr Inlet","Glen Cove",47.34279,-122.73185
"303","15","Island","Possession Sound","Glendale",47.93984,-122.35805
"304","16","Jefferson","Jefferson Coast","Goodman Creek",47.82323,-124.51016
"305","05","Clallam","Sequim Bay","Goose Point",48.04361,-123.00393
"306","37","Whatcom","East Lummi Island","Gooseberry Point",48.73178,-122.66967
"307","23","Mason","Pickering Passage","Graham Point",47.25069,-122.927
"308","23","Mason","Case Inlet","Grapeview",47.33287,-122.83159
"309","18","Kitsap","Port Gamble","Gravel Plot",47.85874,-122.57401
"310","05","Clallam","Dungeness Bay","Graveyard Spit",48.16559,-123.13992
"311","14","Grays Harbor","Grays Harbor Coast","Grayland",46.81081,-124.10254
"312","14","Grays Harbor","Grays Harbor","Grays Harbor",46.96043,-124.03574
"313","05","Clallam","Jamestown","Grays Marsh Beach",48.11812,-123.0618
"314","27","Pierce","Carr Inlet","Green Point Tract #11300",47.28379,-122.69861
"315","15","Island","Holmes Harbor","Greenbank Beach",48.09796,-122.56918
"316","28","San Juan","San Juan Channel","Griffin Bay",48.49588,-122.99864
"317","28","San Juan","Lopez Sound","Grindstone Point",48.59234,-122.90538
"318","29","Skagit","Guemes Channel","Guemes Channel",48.5264,-122.61783
"319","29","Skagit","Guemes Channel","Guemes Ferry Dock",48.52796,-122.62457
"320","29","Skagit","Guemes Island","Guemes Island",48.55099,-122.62523
"321","34","Thurston","Budd Inlet","Gull Harbor",47.11322,-122.88946
"322","28","San Juan","Lopez Sound","Guthrie Cove",48.59308,-122.88416
"323","16","Jefferson","Port Townsend","Hadlock",48.0291,-122.74954
"324","31","Snohomish","Possession Sound","Haines Wharf",47.84679,-122.34047
"325","37","Whatcom","East Lummi Island","Hale Passage",48.70834,-122.65923
"326","14","Grays Harbor","Grays Harbor","Half Moon Bay",46.905,-124.12507
"327","23","Mason","Hood Canal #4","Hamma Hamma",47.54319,-123.03878
"328","28","San Juan","Lopez Sound","Hankin Point",48.58056,-122.90298
"329","28","San Juan","Haro Strait","Hannah Heights",48.4975,-123.12939
"330","18","Kitsap","Admiralty Inlet","Hansville",47.91949,-122.55279
"331","05","Clallam","Sequim Bay","Hardwick Point",48.05428,-123.01195
"332","28","San Juan","Haro Strait","Haro Strait",48.54892,-123.18907
"333","15","Island","Saratoga Passage","Harrington Lagoon",48.20978,-122.61239
"334","23","Mason","Peale Passage","Harstine Island",47.24224,-122.88673
"335","23","Mason","Pickering Passage","Harstine Island Bridge",47.24565,-122.92723
"336","23","Mason","Case Inlet","Harstine Island/Ballow",47.2424,-122.86717
"337","23","Mason","Case Inlet","Harstine/Fudge Point",47.23562,-122.85618
"338","31","Snohomish","Possession Sound","Hat (Gedney) Island",48.01299,-122.32096
"339","29","Skagit","Padilla Bay","Hat Island",48.52405,-122.5483
"340","16","Jefferson","Hood Canal #3","Hazel Point",47.69324,-122.77114
"341","16","Jefferson","Hood Canal #1","Hazel Point Tract #21000",47.7254,-122.77543
"342","16","Jefferson","Discovery Bay","Head Waters",47.99101,-122.88366
"343","34","Thurston","Henderson Inlet","Henderson Dolphin",47.1732,-122.83692
"344","34","Thurston","Henderson Inlet","Henderson Inlet",47.14413,-122.83414
"345","28","San Juan","Haro Strait","Henry Island",48.60433,-123.19024
"346","27","Pierce","Case Inlet","Herron Island",47.26523,-122.83439
"347","15","Island","Saratoga Passage","Hidden Beach",48.12729,-122.56162
"348","05","Clallam","Clallam Coast","Hobuck Beach",48.33815,-124.66576
"349","14","Grays Harbor","Grays Harbor Coast","Hogs Back",47.44479,-124.34284
"350","34","Thurston","Nisqually Reach","Hogum Bay",47.10598,-122.7409
"351","16","Jefferson","Jefferson Coast","Hoh River",47.74873,-124.43587
"352","18","Kitsap","Hood Canal #2","Holly",47.56047,-122.9764
"353","15","Island","Holmes Harbor","Holmes Harbor",48.06507,-122.52984
"354","15","Island","Holmes Harbor","Holmes Harbor Tract #03450",48.05844,-122.52087
"355","15","Island","Holmes Harbor","Honeymoon Bay",48.05304,-122.54932
"356","16","Jefferson","North Hood","Hood Canal",47.90937,-122.63706
"357","23","Mason","Hood Canal #4","Hood Canal #4",47.57434,-122.98699
"358","23","Mason","Hood Canal #5","Hood Canal #5",47.47355,-123.07578
"359","23","Mason","Hood Canal #6","Hood Canal #6",47.38149,-123.119
"360","23","Mason","Hood Canal #7","Hood Canal #7",47.38382,-122.9879
"361","23","Mason","Hood Canal #8","Hood Canal #8",47.39811,-122.92599
"362","23","Mason","Hood Canal #9","Hood Canal #9",47.42827,-122.86991
"363","18","Kitsap","Hood Canal #1","Hood Canal Br Tract #20600",47.84262,-122.62307
"364","16","Jefferson","North Hood","Hood Canal Bridge",47.86623,-122.63647
"365","16","Jefferson","North Hood","Hood Head",47.88598,-122.61958
"366","16","Jefferson","North Hood","Hood Head E Tract #20200",47.88064,-122.61133
"367","16","Jefferson","North Hood","Hood Head S  Tract #20250",47.87016,-122.62258
"368","18","Kitsap","Hood Canal #2","Hood Point",47.62221,-122.9171
"369","23","Mason","Hood Canal #6","Hoodsport Marina",47.40289,-123.14068
"370","23","Mason","Squaxin Passage","Hope Island",47.18721,-122.92904
"371","29","Skagit","Skagit Bay","Hope Island",48.39865,-122.56962
"372","27","Pierce","Carr Inlet","Horse Head Bay",47.29221,-122.68543
"373","28","San Juan","South Lopez","Hughes Bay",48.43022,-122.84027
"374","28","San Juan","Lopez Sound","Hunter Bay",48.46261,-122.85329
"375","27","Pierce","South Narrows","Hyde Point",47.19988,-122.64219
"376","28","San Juan","South Lopez","Iceberg Point",48.42178,-122.89506
"377","18","Kitsap","West Bainbridge","Illahee N Tract #07350",47.61669,-122.59321
"378","18","Kitsap","West Bainbridge","Illahee Park",47.61271,-122.59567
"379","25","Pacific","Pacific County Coast","Ilwaco",46.30074,-124.03637
"380","15","Island","Saratoga Passage","Indian Beach",48.16225,-122.5236
"381","28","San Juan","San Juan Channel","Indian Cove",48.56249,-122.93443
"382","16","Jefferson","Kilisut Harbor","Indian Island",48.05629,-122.72806
"383","16","Jefferson","Kilisut Harbor","Indian Island Beach #1",48.08455,-122.72639
"384","16","Jefferson","Kilisut Harbor","Indian Island Beach #2",48.0786,-122.72528
"385","16","Jefferson","Kilisut Harbor","Indian Island Beach #3",48.07045,-122.71663
"386","16","Jefferson","Kilisut Harbor","Indian Island Beach #4",48.06153,-122.71966
"387","16","Jefferson","Kilisut Harbor","Indian Island Beach #5",48.05246,-122.71618
"388","16","Jefferson","Kilisut Harbor","Indian Island Beach #6 N",48.04652,-122.71428
"389","16","Jefferson","Kilisut Harbor","Indian Island Beach #6 S",48.04377,-122.71293
"390","16","Jefferson","Kilisut Harbor","Indian Island Beach #6.5",48.04034,-122.71562
"391","16","Jefferson","Kilisut Harbor","Indian Island Beach #7",48.03668,-122.71103
"392","16","Jefferson","Kilisut Harbor","Indian Island Beach #8",48.03333,-122.70565
"393","16","Jefferson","Kilisut Harbor","Indian Island Beach #9",48.02556,-122.70363
"394","16","Jefferson","Kilisut Harbor","Indian Island Beach #9.5",48.02098,-122.70217
"395","16","Jefferson","Oak Bay","Indian Island Bridge",48.03226,-122.73107
"396","16","Jefferson","Oak Bay","Indian Island S Tract #04700",48.00252,-122.69304
"397","15","Island","Possession Sound","Indian Point",47.92998,-122.44636
"398","18","Kitsap","Port Madison","Indianola Dock",47.74586,-122.53587
"399","18","Kitsap","Port Madison","Indianola Tide Flats",47.74677,-122.53843
"400","18","Kitsap","Port Madison","Indianola Tract #06450",47.74048,-122.53634
"401","05","Clallam","Dungeness Bay","Inner Dungeness Bay",48.17152,-123.14634
"402","29","Skagit","Guemes Island","Jack Island",48.58148,-122.61267
"403","16","Jefferson","Hood Canal #3","Jackson Cove",47.74299,-122.87235
"404","28","San Juan","Rosario Strait","James Island",48.5128,-122.77505
"405","05","Clallam","Jamestown","Jamestown 1 Tract #00450",48.15913,-123.08699
"406","05","Clallam","Jamestown","Jamestown 2 Tract #00500",48.14462,-123.07396
"407","05","Clallam","Jamestown","Jamestown 3 Tract #00550",48.13595,-123.05145
"408","05","Clallam","Jamestown","Jamestown 4 Tract #00600",48.12446,-123.04345
"409","05","Clallam","Jamestown","Jamestown Beach",48.1297,-123.0878
"410","23","Mason","Pickering Passage","Jarrell Cove",47.28377,-122.88773
"411","18","Kitsap","Port Madison","Jefferson Head",47.74887,-122.47217
"412","31","Snohomish","Possession Sound","Jetty Island",48.01864,-122.23328
"413","05","Clallam","East Straits","Jim Creek",48.18657,-124.06297
"414","27","Pierce","Case Inlet","Joemma State Park",47.22494,-122.81001
"415","28","San Juan","Spieden Channel","Johns Island",48.66695,-123.15253
"416","34","Thurston","Nisqually Reach","Johnson Point",47.17933,-122.81522
"417","28","San Juan","San Juan Channel","Jones Island",48.61533,-123.04659
"418","23","Mason","Hood Canal #4","Jorsted Creek",47.52477,-123.05005
"419","15","Island","Port Susan","Juniper Beach",48.22915,-122.40429
"420","31","Snohomish","Port Susan","Juniper Beach",48.2269,-122.39176
"421","16","Jefferson","Port Townsend","Kala Point",48.0578,-122.76549
"422","16","Jefferson","Jefferson Coast","Kalaloch Beach",47.58597,-124.37914
"423","16","Jefferson","Jefferson Coast","Kalaloch Beach North",47.61132,-124.37725
"424","16","Jefferson","Jefferson Coast","Kalaloch Beach South",47.56811,-124.36307
"425","16","Jefferson","Discovery Bay","Kalset Point",48.03791,-122.86722
"426","31","Snohomish","Port Susan","Kayak Point",48.13491,-122.36911
"427","05","Clallam","Clallam Coast","Kayostla Beach",48.03472,-124.68157
"428","28","San Juan","South Lopez","Kellett Ledge",48.45045,-122.79156
"429","27","Pierce","Nisqually Reach","Ketron Island",47.15757,-122.63388
"430","18","Kitsap","Liberty Bay","Keyport",47.70521,-122.62655
"431","05","Clallam","Sequim Bay","Kiapot Tract #00800",48.06788,-123.01308
"432","29","Skagit","Similk Bay","Kiket Island",48.41949,-122.56711
"433","16","Jefferson","Kilisut Harbor","Kilisut Harbor",48.06174,-122.71088
"434","17","King","Quartermaster Harbor","Kingsbury Beach",47.39728,-122.43893
"435","18","Kitsap","Kingston","Kingston",47.79822,-122.49309
"436","18","Kitsap","Kingston","Kingston Marina",47.79502,-122.49859
"437","16","Jefferson","Port Townsend","Kinney Point",48.00738,-122.6884
"438","18","Kitsap","Hood Canal #1","Kitsap Memorial St Pk",47.81844,-122.65241
"439","16","Jefferson","Port Ludlow","Klas Rocks",47.96241,-122.67171
"440","25","Pacific","Pacific County Coast","Klipsan Beach",46.46915,-124.05828
"441","27","Pierce","Carr Inlet","Kopachuck Park",47.30802,-122.69003
"442","05","Clallam","West Straits","Kydaka Point",48.28006,-124.355
"443","05","Clallam","Clallam Coast","La Push",47.90602,-124.63813
"444","15","Island","Admiralty Bay","Lagoon Point",48.07187,-122.61255
"445","15","Island","Admiralty Bay","Lake Hancock Beach",48.11709,-122.59905
"446","37","Whatcom","Bellingham Bay","Larrabee Park",48.65369,-122.49364
"447","28","San Juan","President Channel","Lawrence Point",48.66176,-122.7404
"448","28","San Juan","Sucia Island","Lawson Bluff",48.76921,-122.91618
"449","15","Island","West Whidbey","Lawson Reef",48.40239,-122.71223
"450","27","Pierce","Carr Inlet","Lay Inlet",47.33695,-122.65438
"451","25","Pacific","Pacific County Coast","Leadbetter Park",46.6002,-124.06966
"452","37","Whatcom","West Lummi Island","Legoe Bay",48.71584,-122.70227
"453","18","Kitsap","Liberty Bay","Lemolo",47.71154,-122.62027
"454","28","San Juan","Lopez Sound","Leo Reef",48.55338,-122.85603
"455","18","Kitsap","Liberty Bay","Liberty Bay",47.71601,-122.63539
"456","23","Mason","Hood Canal #5","Lilliwaup",47.4624,-123.11327
"457","28","San Juan","Haro Strait","Lime Kiln Point",48.5159,-123.15292
"458","17","King","South King County","Lincoln Park",47.53031,-122.40217
"459","18","Kitsap","Hood Canal #2","Little Beef Bay",47.65468,-122.79412
"460","16","Jefferson","Discovery Bay","Little Quinty",48.03399,-122.86527
"461","15","Island","Port Susan","Livingston Bay",48.22937,-122.4379
"462","18","Kitsap","Hood Canal #1","Lofall",47.8155,-122.65583
"463","18","Kitsap","Hood Canal #1","Lofall Tract #20700",47.81782,-122.66262
"464","05","Clallam","Sequim Bay","Log Dump",48.02909,-123.01451
"465","29","Skagit","Skagit Bay","Lone Tree Point",48.40673,-122.55717
"466","25","Pacific","Pacific County Coast","Long Beach",46.3529,-124.05712
"467","25","Pacific","Pacific County Coast","Long Beach Area A",46.332,-124.06494
"468","25","Pacific","Pacific County Coast","Long Beach Area E",46.56289,-124.05813
"469","25","Pacific","Pacific County Coast","Long Beach Area OY",46.50431,-124.06028
"470","25","Pacific","Pacific County Coast","Long Beach Area XA",46.39556,-124.05878
"471","25","Pacific","Pacific County Coast","Long Beach Reserve",46.55835,-124.06088
"472","28","San Juan","South Lopez","Long Island",48.44122,-122.92342
"473","15","Island","Penn Cove","Long Point",48.22681,-122.64821
"474","28","San Juan","South Lopez","Lopez Island",48.49799,-122.89759
"475","28","San Juan","Lopez Sound","Lopez Sound",48.49658,-122.84688
"476","05","Clallam","East Straits","Low Point",48.16076,-123.82807
"477","27","Pierce","Pitt Passage","Luhr Creek",47.21874,-122.71425
"478","37","Whatcom","Lummi Bay","Lummi Bay",48.76921,-122.68479
"479","37","Whatcom","Lummi Bay","Lummi Flats",48.78937,-122.6682
"480","37","Whatcom","West Lummi Island","Lummi Rocks",48.67094,-122.66837
"481","37","Whatcom","Lummi Bay","Lummi Sea Pond",48.78164,-122.66176
"482","27","Pierce","Nisqually Reach","Lyle Point",47.13009,-122.6924
"483","23","Mason","Hood Canal #9","Lynch Cove",47.43739,-122.85111
"484","15","Island","Saratoga Passage","Mabana",48.09437,-122.41575
"485","28","San Juan","South Lopez","Mackaye Harbor",48.44145,-122.87589
"486","15","Island","Saratoga Passage","Madrona Beach",48.2174,-122.53589
"487","27","Pierce","Pitt Passage","Mahnckes 1 Tract #13000",47.20432,-122.73981
"488","27","Pierce","Pitt Passage","Mahnckes 2-4 Tract #12950",47.214,-122.72737
"489","18","Kitsap","Rich Passage","Manchester",47.55615,-122.54284
"490","18","Kitsap","East Bainbridge","Manitou Beach",47.65635,-122.50912
"491","18","Kitsap","East Bainbridge","Manitou Beach/Skiff Pt",47.66096,-122.49763
"492","18","Kitsap","Agate Passage","Manzanita Bay",47.67474,-122.56529
"493","15","Island","Saratoga Passage","Maple Grove County Park",48.25131,-122.52191
"494","16","Jefferson","Kilisut Harbor","Marrowstone Island",48.06396,-122.70288
"495","16","Jefferson","Port Townsend","Marrowstone Point",48.10174,-122.68684
"496","28","San Juan","West Sound","Massacre Bay",48.63542,-122.9837
"497","28","San Juan","Sucia Island","Matia Island",48.74657,-122.83658
"498","16","Jefferson","Port Ludlow","Mats Mats Bay",47.95513,-123
"499","17","King","East Passage","Maury Island Tract #10150",47.37049,-122.41969
"500","15","Island","Useless Bay","Maxwelton",47.93925,-122.44547
"501","15","Island","Saratoga Passage","Maylor Point",48.26694,-122.62961
"502","16","Jefferson","Discovery Bay","Maynard Beach",47.99605,-122.88771
"503","27","Pierce","Carr Inlet","Mayo Cove",47.25863,-122.7557
"504","34","Thurston","Nisqually Reach","McAllister Creek Tract #13750",47.11609,-122.72008
"505","16","Jefferson","Protection Island","McGurdy (Middle) Pt",48.13677,-122.83785
"506","23","Mason","Pickering Passage","McLane Cove",47.31069,-122.86405
"507","23","Mason","Case Inlet","McMicken Is S Tract #15800",47.24655,-122.85601
"508","23","Mason","Case Inlet","McMicken Park",47.24749,-122.86349
"509","27","Pierce","Carr Inlet","McNeil Island",47.20974,-122.68553
"510","27","Pierce","Carr Inlet","McNeil Island Tract #12700",47.2358,-122.69182
"511","31","Snohomish","Possession Sound","Meadowdale",47.85069,-122.33723
"512","17","King","South King County","Me-Kwa-Mooks Park",47.56377,-122.40688
"513","14","Grays Harbor","Grays Harbor","Mid Bay",46.94128,-124.06182
"514","23","Mason","Hammersley Inlet","Mid Hammersley",47.20665,-123.01017
"515","16","Jefferson","Port Townsend","Midchannel Bank",48.12033,-122.7094
"516","05","Clallam","Sequim Bay","Middle Ground",48.07483,-123.04155
"517","16","Jefferson","Jefferson Coast","Middle Rock",47.74671,-124.45078
"518","23","Mason","Hood Canal #4","Mike's Beach",47.55801,-123.02454
"519","16","Jefferson","Discovery Bay","Mill Point",48.01707,-122.85685
"520","18","Kitsap","Port Madison","Miller Bay",47.75121,-122.55504
"521","05","Clallam","Jamestown","Miller Peninsula",48.09746,-122.97602
"522","27","Pierce","Carr Inlet","Minter Bay",47.36013,-122.69524
"523","18","Kitsap","Hood Canal #2","Misery Point",47.65506,-122.82842
"524","28","San Juan","Haro Strait","Mitchell Bay",48.57057,-123.15995
"525","14","Grays Harbor","Grays Harbor Coast","Moclips",47.24087,-124.21828
"526","14","Grays Harbor","Grays Harbor Coast","Mocrocks Area BC",47.15894,-124.19493
"527","14","Grays Harbor","Grays Harbor Coast","Mocrocks Area CP",47.18253,-124.19996
"528","14","Grays Harbor","Grays Harbor Coast","Mocrocks Area CR",47.14857,-124.19099
"529","14","Grays Harbor","Grays Harbor Coast","Mocrocks Area JC",47.20614,-124.20762
"530","14","Grays Harbor","Grays Harbor Coast","Mocrocks Area MP",47.23253,-124.21625
"531","15","Island","Saratoga Passage","Monaco Beach",48.13733,-122.51323
"532","34","Thurston","Eld Inlet","Mud Bay",47.06007,-123.00737
"533","28","San Juan","Lopez Sound","Mud Bay/Lopez",48.45327,-122.84152
"534","28","San Juan","Sucia Island","Mud Bay/Sucia",48.75225,-122.89953
"535","31","Snohomish","Possession Sound","Mukilteo",47.94745,-122.30773
"536","31","Snohomish","Possession Sound","Mukilteo Tank Farm",47.95229,-122.29087
"537","05","Clallam","Clallam Coast","Mukkaw Bay",48.33201,-124.67439
"538","23","Mason","Oakland Bay","Munson Point",47.21193,-123.07093
"539","18","Kitsap","East Bainbridge","Murden Cove",47.6525,-122.51377
"540","18","Kitsap","East Bainbridge","Murden Cove Tract #07550",47.65476,-122.50021
"541","23","Mason","Hood Canal #6","Musqueti Point",47.39091,-123.11953
"542","15","Island","Useless Bay","Mutiny Bay",47.99933,-122.54559
"543","16","Jefferson","Kilisut Harbor","Mystery Bay",48.0569,-122.69488
"544","18","Kitsap","Port Madison","N Reservation Boundary",47.74455,-122.55174
"545","05","Clallam","Sequim Bay","N Sequim Bay St Park",48.05093,-123.03454
"546","16","Jefferson","Discovery Bay","Nagel Beach",48.06189,-122.85678
"547","25","Pacific","Willapa Bay","Nahcotta Area",46.45461,-124.00977
"548","27","Pierce","Narrows","Narrows Bridge",47.26887,-122.55097
"549","25","Pacific","Willapa Bay","Naselle River",46.43931,-123.91732
"550","27","Pierce","Carr Inlet","Navy Dolphin",47.29747,-122.74665
"551","05","Clallam","West Straits","Neah Bay",48.37726,-124.61282
"552","28","San Juan","San Juan Channel","Neck Point",48.58643,-123.0152
"553","17","King","East Passage","Neill Point",47.33162,-122.49196
"554","17","King","East Passage","Neill Point Tract #10350",47.32835,-122.49137
"555","25","Pacific","Willapa Bay","Nemah Area",46.54013,-123.93019
"556","05","Clallam","East Straits","New Dungeness Tract #00400",48.17946,-123.1687
"557","34","Thurston","Nisqually Reach","Nisqually Delta",47.10203,-122.71176
"558","27","Pierce","Nisqually Reach","Nisqually Reach",47.13318,-122.68239
"559","34","Thurston","Nisqually Reach","Nisqually Reach",47.14025,-122.77452
"560","34","Thurston","Nisqually Reach","Nisqually Tract #13800",47.12496,-122.7574
"561","16","Jefferson","Port Townsend","Nodule Point",48.03253,-122.6889
"562","17","King","South King County","Normandy Park",47.4119,-122.34174
"563","29","Skagit","Guemes Island","North  Beach",48.5782,-122.63475
"564","28","San Juan","San Juan Channel","North Bay",48.51872,-123.00372
"565","14","Grays Harbor","Grays Harbor","North Bay - East",46.97897,-124.03076
"566","14","Grays Harbor","Grays Harbor","North Bay - West",46.99005,-124.11992
"567","28","San Juan","President Channel","North Beach",48.71113,-122.92763
"568","15","Island","Saratoga Passage","North Bluff",48.13729,-122.56649
"569","25","Pacific","Pacific County Coast","North Coast Area",46.75694,-124.10925
"570","29","Skagit","Guemes Island","North East Beach",48.55946,-122.60521
"571","34","Thurston","Eld Inlet","North Eld Inlet",47.12907,-122.95003
"572","16","Jefferson","Port Townsend","North Fort Flagler",48.1012,-122.70666
"573","16","Jefferson","Kilisut Harbor","North Kilisut Harbor",48.0796,-122.71148
"574","28","San Juan","San Juan Channel","North Neck Point Cove",48.5849,-123.00853
"575","23","Mason","Case Inlet","North North Bay",47.40244,-122.82406
"576","17","King","East Passage","North of Glen Acres",47.47929,-122.44793
"577","23","Mason","Pickering Passage","North of Potlatch Point",47.19987,-122.92335
"578","25","Pacific","Willapa Bay","North River Area",46.7252,-123.88122
"579","29","Skagit","Padilla Bay","North Shore",48.50394,-122.48489
"580","23","Mason","Totten Inlet","North Totten Inlet",47.16546,-122.98207
"581","34","Thurston","Totten Inlet","North Totten Inlet",47.15226,-122.97732
"582","17","King","East Passage","Northilla",47.34731,-122.45347
"583","29","Skagit","Deception Pass","Northwest Island",48.41917,-122.67004
"584","16","Jefferson","Oak Bay","Oak Bay",48.01244,-122.71263
"585","16","Jefferson","Oak Bay","Oak Bay 1 Tract #04750",48.01599,-122.70511
"586","16","Jefferson","Oak Bay","Oak Bay 2 Tract #04800",48.01942,-122.71341
"587","16","Jefferson","Oak Bay","Oak Bay County Park",48.02224,-122.72939
"588","15","Island","Saratoga Passage","Oak Harbor",48.28645,-122.63966
"589","23","Mason","Oakland Bay","Oakland Bay",47.23626,-123.05141
"590","28","San Juan","Rosario Strait","Obstruction Island",48.59607,-122.81228
"591","25","Pacific","Pacific County Coast","Ocean Park",46.49507,-124.05828
"592","14","Grays Harbor","Grays Harbor Coast","Ocean Shores",46.96866,-124.17039
"593","25","Pacific","Pacific County Coast","Ocean Side",46.40761,-124.05413
"594","28","San Juan","Rosario Strait","Odlin Park",48.55804,-122.89294
"595","18","Kitsap","Colvos Passage","Olalla Bay",47.42299,-122.54591
"596","23","Mason","Pickering Passage","Old Ferry Landing",47.24771,-122.9203
"597","16","Jefferson","Port Townsend","Old Fort Townsend",48.07739,-122.78674
"598","18","Kitsap","Agate Passage","Old Man House",47.72398,-122.55788
"599","18","Kitsap","Liberty Bay","Old Marine Science Center",47.72442,-122.64022
"600","05","Clallam","Dungeness Bay","Old Town",48.15368,-123.14936
"601","16","Jefferson","Oak Bay","Olele Point",47.97247,-122.6832
"602","16","Jefferson","Oak Bay","Olele Point Tract #04850",48.00171,-122.71526
"603","34","Thurston","Budd Inlet","Olympia",47.04597,-122.90675
"604","18","Kitsap","Hood Canal #2","Olympic View Tract #21350",47.68725,-122.74997
"605","28","San Juan","Haro Strait","Open Bay",48.59201,-123.18835
"606","28","San Juan","West Sound","Orcas Ferry Landing",48.59736,-122.94368
"607","27","Pierce","Nisqually Reach","Oro Bay",47.13771,-122.70373
"608","27","Pierce","Nisqually Reach","Oro Bay Tract #13500",47.13759,-122.68946
"609","18","Kitsap","Dyes Inlet","Ostrich Bay",47.58551,-122.68295
"610","27","Pierce","Drayton Passage","Otso Tract #13200",47.17993,-122.72471
"611","27","Pierce","Carr Inlet","Outside Minter Bay",47.35715,-122.68925
"612","18","Kitsap","Dyes Inlet","Oyster Bay",47.5729,-122.67443
"613","23","Mason","Totten Inlet","Oyster Bay",47.10282,-123.07994
"614","29","Skagit","Samish Bay","Oyster Creek",48.61387,-122.44004
"615","25","Pacific","Pacific County Coast","Oysterville Area",46.54803,-124.06197
"616","25","Pacific","Willapa Bay","Oysterville Area",46.54898,-124.0223
"617","05","Clallam","Clallam Coast","Ozette River",48.18209,-124.70853
"618","05","Clallam","Clallam Coast","Pacific Coast",48.11611,-124.68134
"619","14","Grays Harbor","Grays Harbor Coast","Pacific Coast",47.10493,-124.18253
"620","16","Jefferson","Jefferson Coast","Pacific Coast",47.71662,-124.42908
"621","25","Pacific","Pacific County Coast","Pacific Coast",46.54861,-124.07277
"622","29","Skagit","Padilla Bay","Padilla Bay",48.52442,-122.52927
"623","25","Pacific","Willapa Bay","Palix River",46.63832,-123.93745
"624","05","Clallam","Sequim Bay","Paradise Cove",48.08039,-123.02075
"625","17","King","Colvos Passage","Paradise Cove",47.3756,-122.51617
"626","28","San Juan","President Channel","Parker Reef",48.72568,-122.89405
"627","28","San Juan","San Juan Channel","Parks Bay/Point George",48.56402,-122.98415
"628","15","Island","West Whidbey","Partridge Bank",48.26062,-122.84871
"629","28","San Juan","Sucia Island","Patos Island",48.78457,-122.95419
"630","28","San Juan","Rosario Strait","Peapod Rocks",48.63824,-122.75167
"631","18","Kitsap","Port Madison","Pebble Beach",47.743,-122.55127
"632","29","Skagit","Cypress Island","Pelican Beach",48.60386,-122.70419
"633","15","Island","Penn Cove","Penn Cove",48.22651,-122.71402
"634","27","Pierce","Carr Inlet","Penrose Point Park",47.25886,-122.75391
"635","28","San Juan","Lopez Sound","Picnic Cove",48.56516,-122.92327
"636","31","Snohomish","Possession Sound","Picnic Point",47.88023,-122.33432
"637","29","Skagit","Samish Bay","Pigeon Point",48.61525,-122.4454
"638","28","San Juan","Haro Strait","Pile Point",48.48064,-123.09568
"639","05","Clallam","East Straits","Pillar Point",48.20585,-124.10318
"640","18","Kitsap","Kingston","Pilot Point",47.88119,-122.51339
"641","18","Kitsap","Kingston","Pilot Point Tract #06200",47.90389,-122.51459
"642","05","Clallam","Sequim Bay","Pitship Point",48.06233,-123.03942
"643","27","Pierce","Pitt Passage","Pitt Passage",47.22019,-122.71761
"644","17","King","East Passage","Point Beals",47.4661,-122.43305
"645","17","King","East Passage","Point Beals Tract #09600",47.48743,-122.45257
"646","18","Kitsap","Agate Passage","Point Bolin",47.69067,-122.58748
"647","18","Kitsap","Agate Passage","Point Bolin Tract #06900",47.68584,-122.58669
"648","15","Island","Skagit Bay","Point Brown",48.27033,-122.46541
"649","28","San Juan","San Juan Channel","Point Caution",48.5555,-123.01032
"650","28","San Juan","South Lopez","Point Colville",48.42138,-122.8114
"651","27","Pierce","Narrows","Point Defiance",47.30771,-122.51672
"652","27","Pierce","Narrows","Point Defiance Marina",47.30592,-122.51319
"653","28","San Juan","President Channel","Point Doughty",48.71227,-122.95134
"654","37","Whatcom","Bellingham Bay","Point Francis",48.69759,-122.60722
"655","18","Kitsap","Rich Passage","Point Glover",47.59011,-122.55299
"656","14","Grays Harbor","Grays Harbor Coast","Point Grenville",47.30234,-124.27647
"657","16","Jefferson","North Hood","Point Hannon Tract #19450",47.89273,-122.63477
"658","17","King","East Passage","Point Heyer Tract #10000",47.41001,-122.43154
"659","18","Kitsap","Port Gamble","Point Julia",47.85478,-122.57647
"660","18","Kitsap","Port Madison","Point Monroe",47.70933,-122.51128
"661","18","Kitsap","Kingston","Point No Point",47.9124,-122.52561
"662","15","Island","Saratoga Passage","Point Onamac",48.18378,-122.5371
"663","15","Island","West Whidbey","Point Partridge Tract #03100",48.30658,-122.75106
"664","37","Whatcom","Georgia Straits Nort","Point Roberts",48.98888,-123.05811
"665","17","King","East Passage","Point Robinson E Tract #10100",47.3967,-122.38059
"666","17","King","East Passage","Point Robinson Tract #10050",47.40396,-122.40665
"667","17","King","East Passage","Point Vashon",47.51123,-122.4752
"668","18","Kitsap","Rich Passage","Point White",47.59078,-122.5677
"669","37","Whatcom","Birch Bay","Point Whitehorn",48.89419,-122.79403
"670","16","Jefferson","Hood Canal #3","Point Whitney",47.76235,-122.85205
"671","18","Kitsap","Port Gamble","Port Gamble",47.83593,-122.5757
"672","18","Kitsap","Port Gamble","Port Gamble Bay",47.83593,-122.5757
"673","18","Kitsap","North Hood","Port Gamble Tract #20000",47.86275,-122.57691
"674","18","Kitsap","North Hood","Port Gamble Tract #20050",47.85878,-122.58386
"675","18","Kitsap","Port Gamble","Port Gamble Tract #20100",47.84392,-122.5768
"676","16","Jefferson","Port Ludlow","Port Ludlow",47.92182,-122.6786
"677","16","Jefferson","Port Ludlow","Port Ludlow Marina",47.92277,-122.68522
"678","18","Kitsap","Port Madison","Port Madison",47.7279,-122.52515
"679","18","Kitsap","Port Madison","Port Madison Tract #06600",47.71241,-122.53104
"680","18","Kitsap","Sinclair Inlet","Port Orchard Marina",47.53927,-122.64514
"681","15","Island","Port Susan","Port Susan",48.16653,-122.43465
"682","31","Snohomish","Port Susan","Port Susan",48.17527,-122.38583
"683","16","Jefferson","Port Townsend","Port Townsend",48.12766,-122.75893
"684","16","Jefferson","Port Townsend","Port Townsend Canal",48.02998,-122.72936
"685","18","Kitsap","Dyes Inlet","Port Washington Marina",47.579,-122.64338
"686","18","Kitsap","Dyes Inlet","Port Washington Narrows",47.58113,-122.6403
"687","05","Clallam","Jamestown","Port Williams",48.09731,-123.04588
"688","37","Whatcom","Bellingham Bay","Portage Bay",48.71334,-122.62353
"689","37","Whatcom","Bellingham Bay","Portage Island",48.70285,-122.61935
"690","15","Island","Possession Sound","Possession Point",47.90417,-122.38119
"691","31","Snohomish","Possession Sound","Possession Sound",47.98968,-122.29958
"692","37","Whatcom","Bellingham Bay","Post Point",48.71294,-122.51992
"693","23","Mason","Hood Canal #6","Potlatch Park",47.36011,-123.15604
"694","18","Kitsap","Liberty Bay","Poulsbo",47.73482,-122.64835
"695","18","Kitsap","Liberty Bay","Poulsbo Marina",47.7325,-122.64667
"696","16","Jefferson","Discovery Bay","Preacher Beach",48.0361,-122.82729
"697","18","Kitsap","Port Madison","President Point",47.76632,-122.47163
"698","18","Kitsap","Port Madison","President Point Tract #06400",47.74058,-122.48408
"699","28","San Juan","Spieden Channel","Prevost Harbor",48.6826,-123.20183
"700","34","Thurston","Budd Inlet","Priest Point Park",47.07185,-122.8978
"701","16","Jefferson","Protection Island","Protection Island",48.12784,-122.92921
"702","16","Jefferson","Protection Island","Protection Island Tract #0100",48.13776,-122.95929
"703","14","Grays Harbor","Grays Harbor Coast","Pt Brown to Queets River",47.17361,-124.35095
"704","27","Pierce","Carr Inlet","Purdy",47.38105,-122.63381
"705","17","King","Quartermaster Harbor","Quatermaster Harbor (Inner)",47.39808,-122.44691
"706","17","King","Quartermaster Harbor","Quatermaster Harbor (Outer)",47.37631,-122.47534
"707","16","Jefferson","Jefferson Coast","Queets River",47.54227,-124.35612
"708","16","Jefferson","Jefferson Coast","Queets River to Toleak Point",47.21103,-124.44832
"709","16","Jefferson","Quilcene Bay","Quilcene Bay",47.78746,-122.85935
"710","14","Grays Harbor","Grays Harbor","Quinault Marina",46.94954,-124.12983
"711","14","Grays Harbor","Grays Harbor Coast","Quinault Res A",47.24911,-124.2219
"712","14","Grays Harbor","Grays Harbor Coast","Quinault Res B",47.26746,-124.22931
"713","14","Grays Harbor","Grays Harbor Coast","Quinault Res C",47.28439,-124.23612
"714","14","Grays Harbor","Grays Harbor Coast","Quinault Res D",47.29891,-124.24737
"715","14","Grays Harbor","Grays Harbor Coast","Quinault Reservation",47.34562,-124.30553
"716","15","Island","Saratoga Passage","Race Lagoon",48.19293,-122.59961
"717","27","Pierce","Carr Inlet","Raft Island",47.32906,-122.66946
"718","14","Grays Harbor","Grays Harbor Coast","Raft River",47.46107,-124.34138
"719","16","Jefferson","Discovery Bay","Ray Broder's Beach",48.00579,-122.86375
"720","17","King","South King County","Redondo",47.34868,-122.3247
"721","28","San Juan","Spieden Channel","Reid Harbor",48.67071,-123.18879
"722","23","Mason","Case Inlet","Reno Tract #15850",47.24171,-122.85986
"723","18","Kitsap","Port Gamble","Reservation Tidelands",47.84971,-122.57115
"724","23","Mason","Hood Canal #5","Rest-A-While Resort",47.42981,-123.12293
"725","05","Clallam","Clallam Coast","Rialto Beach",47.91624,-124.64037
"726","18","Kitsap","Rich Passage","Rich Passage",47.59002,-122.54216
"727","17","King","North King County","Richmond Beach",47.76459,-122.38735
"728","23","Mason","Hood Canal #4","Robbinswold",47.59776,-122.99063
"729","17","King","East Passage","Robinson Point",47.88855,-122.37356
"730","28","San Juan","Haro Strait","Roche Harbor",48.61066,-123.16959
"731","28","San Juan","South Lopez","Rock Point",48.49687,-122.9424
"732","05","Clallam","Clallam Coast","Rock Reef",48.28262,-124.68516
"733","27","Pierce","Case Inlet","Rocky Bay",47.35595,-122.79679
"734","18","Kitsap","Dyes Inlet","Rocky Point",47.59298,-122.66384
"735","28","San Juan","San Juan Channel","Rocky Point",48.59997,-123.10222
"736","15","Island","Saratoga Passage","Rocky Point Tract #03500",48.0959,-122.50215
"737","15","Island","Saratoga Passage","Rocky Point/Baby Is",48.09807,-122.52603
"738","14","Grays Harbor","Grays Harbor Coast","Roosevelt Beach",47.18409,-124.20149
"739","28","San Juan","East Sound","Rosario Point",48.64308,-122.87399
"740","28","San Juan","Rosario Strait","Rosario Strait",48.54414,-122.7532
"741","17","King","East Passage","Rosehilla",47.34484,-122.46793
"742","16","Jefferson","Discovery Bay","Rosenbaum Beach",47.99998,-122.84412
"743","18","Kitsap","Sinclair Inlet","Ross Point",47.53988,-122.66202
"744","16","Jefferson","Jefferson Coast","Ruby Beach",47.70899,-124.41619
"745","28","San Juan","Rosario Strait","S Blakely Island",48.53364,-122.808
"746","05","Clallam","Sequim Bay","S Sequim Bay St Pk",48.03782,-123.02085
"747","18","Kitsap","Sinclair Inlet","S Sinclair Inlet",47.52753,-122.68987
"748","18","Kitsap","North Hood","Salsbury Point",47.85718,-122.60841
"749","27","Pierce","South Narrows","Saltars Point",47.16877,-122.61405
"750","17","King","South King County","Saltwater State Park",47.37151,-122.3242
"751","29","Skagit","Samish Bay","Samish Bay",48.58544,-122.45775
"752","29","Skagit","Samish Bay","Samish Bay - Central",48.58236,-122.45142
"753","29","Skagit","Samish Bay","Samish Bay - East",48.60273,-122.44668
"754","29","Skagit","Samish Bay","Samish Bay - West",48.5749,-122.48252
"755","29","Skagit","Samish Bay","Samish Beach",48.57649,-122.53697
"756","29","Skagit","Padilla Bay","Samish Is SW Spit",48.57387,-122.55811
"757","29","Skagit","Samish Bay","Samish Island",48.57957,-122.55277
"758","15","Island","Penn Cove","San de Fuca",48.23521,-122.72092
"759","28","San Juan","San Juan Channel","San Juan Channel",48.56734,-123.00053
"760","05","Clallam","Clallam Coast","Sand Point",48.12576,-124.71257
"761","05","Clallam","Clallam Coast","Sand Pt to Cape Flattery",48.28644,-124.76044
"762","18","Kitsap","Agate Passage","Sandy Hook Park",47.69719,-122.58383
"763","15","Island","Possession Sound","Sandy Point",48.03443,-122.37599
"764","37","Whatcom","Lummi Bay","Sandy Point",48.78453,-122.70405
"765","15","Island","Saratoga Passage","Saratoga",48.07612,-122.46825
"766","15","Island","Saratoga Passage","Saratoga Passage",48.17565,-122.58403
"767","15","Island","Possession Sound","Scatchet Head",47.9207,-122.43865
"768","18","Kitsap","Hood Canal #2","Scenic Beach",47.65014,-122.84776
"769","05","Clallam","Sequim Bay","Schoolhouse",48.03611,-123.01823
"770","16","Jefferson","Jefferson Coast","Scott Creek",47.86012,-124.55865
"771","29","Skagit","Samish Bay","Scott Point",48.58865,-122.48548
"772","16","Jefferson","Kilisut Harbor","Scow Bay",48.02896,-122.69516
"773","23","Mason","Peale Passage","Sea Farm Cove",47.1948,-122.9046
"774","18","Kitsap","Hood Canal #2","Seabeck Bay",47.64675,-122.8287
"775","18","Kitsap","Hood Canal #2","Seabeck Marina",47.64153,-122.83005
"776","18","Kitsap","Port Madison","Seabold",47.69616,-122.54466
"777","17","King","South King County","Seahurst Park",47.46751,-122.36999
"778","16","Jefferson","Hood Canal #3","Seal Rock",47.71415,-122.88558
"779","05","Clallam","West Straits","Seal Rocks",48.3609,-124.54653
"780","25","Pacific","Willapa Bay","Seal Spit",46.58041,-124.00888
"781","05","Clallam","Clallam Coast","Second Beach",47.88407,-124.61795
"782","05","Clallam","West Straits","Sekiu Point",48.2681,-124.29973
"783","05","Clallam","West Straits","Sekiu Point W Tract #00060",48.27441,-124.31955
"784","37","Whatcom","Drayton Harbor","Semiahmoo Marina",48.9903,-122.76988
"785","37","Whatcom","Drayton Harbor","Semiahmoo Spit-East",48.98425,-122.77847
"786","37","Whatcom","Georgia Straits Nort","Semiahmoo Spit-West",48.98526,-122.78736
"787","17","King","South King County","Seola",47.4962,-122.37627
"788","05","Clallam","Sequim Bay","Sequim Bay",48.0553,-123.02272
"789","05","Clallam","Sequim Bay","Sequim Bay St Park",48.0395,-123.0235
"790","28","San Juan","Sucia Island","Shallow Bay",48.76242,-122.9164
"791","28","San Juan","San Juan Channel","Shaw Island",48.57289,-122.95916
"792","17","King","Quartermaster Harbor","Shawnee",47.38396,-122.47977
"793","23","Mason","Pickering Passage","Shefler's Cove",47.23698,-122.93807
"794","17","King","North King County","Shilshole Bay",47.68109,-122.40725
"795","28","San Juan","East Sound","Ship Bay",48.69251,-122.89483
"796","28","San Juan","Lopez Sound","Shoal Bay",48.55998,-122.87834
"797","25","Pacific","Willapa Bay","Shoalwater Bay",46.39493,-123.98249
"798","05","Clallam","East Straits","Siebert Creek Tract #00300",48.12885,-123.32391
"799","18","Kitsap","Dyes Inlet","Silverdale",47.64325,-122.69512
"800","29","Skagit","Similk Bay","Similk Bay",48.43397,-122.56588
"801","29","Skagit","Similk Bay","Similk Beach",48.44582,-122.57345
"802","29","Skagit","Sinclair Island","Sinclair County Dock",48.61663,-122.69324
"803","29","Skagit","Sinclair Island","Sinclair Island",48.62025,-122.67872
"804","23","Mason","Hood Canal #6","Sisters Point",47.35876,-123.04118
"805","16","Jefferson","Hood Canal #1","Sisters/Shine Tract #20300",47.86008,-122.65754
"806","29","Skagit","Skagit Bay","Skagit Bay",48.35391,-122.51452
"807","29","Skagit","Swinomish Channel","Skagit Beach",48.37896,-122.50156
"808","29","Skagit","Similk Bay","Skagit Island",48.41335,-122.57883
"809","29","Skagit","Skagit Bay","Skagit River/Reservation",48.32247,-122.39792
"810","18","Kitsap","East Bainbridge","Skiff Point N Tract #07400",47.70516,-122.50527
"811","18","Kitsap","East Bainbridge","Skiff Point Tract #07500",47.67855,-122.50169
"812","23","Mason","Totten Inlet","Skookum Inlet",47.143,-123.06354
"813","18","Kitsap","Admiralty Inlet","Skunk Bay",47.92524,-122.59483
"814","16","Jefferson","Discovery Bay","Slide Area",48.02861,-122.86325
"815","05","Clallam","West Straits","Slip Point",48.26322,-124.25259
"816","15","Island","West Whidbey","Smith Island",48.32141,-122.8327
"817","16","Jefferson","Kilisut Harbor","Smith Road Area",48.03533,-122.69725
"818","25","Pacific","Willapa Bay","Smokey Hollow",46.44678,-123.99683
"819","28","San Juan","Haro Strait","Smuggler's Cove",48.56449,-123.17612
"820","15","Island","Saratoga Passage","Snakelum Point",48.22266,-122.62865
"821","05","Clallam","Clallam Coast","Sooes Peninsula",48.31593,-124.66133
"822","34","Thurston","Henderson Inlet","South Bay",47.1011,-122.82604
"823","18","Kitsap","Rich Passage","South Beach/Fort Ward",47.57455,-122.50783
"824","34","Thurston","Eld Inlet","South Eld Inlet",47.0878,-122.98391
"825","05","Clallam","Sequim Bay","South End/Blyn",48.02463,-123.00292
"826","14","Grays Harbor","Grays Harbor Coast","South Jetty",46.90435,-124.13804
"827","16","Jefferson","Hood Canal #1","South Point",47.83201,-122.68787
"828","34","Thurston","Totten Inlet","South Totten Inlet",47.11496,-123.02234
"829","18","Kitsap","Colvos Passage","Southworth",47.51357,-122.49843
"830","18","Kitsap","Colvos Passage","Southworth Ferry Dock",47.51228,-122.49647
"831","28","San Juan","Lopez Sound","Spencer Spit",48.53631,-122.85536
"832","23","Mason","Case Inlet","Spencer's Cove",47.27662,-122.86836
"833","28","San Juan","Spieden Channel","Spieden Channel",48.63018,-123.13844
"834","28","San Juan","Spieden Channel","Spieden Island",48.6407,-123.13495
"835","17","King","Colvos Passage","Spring Beach",47.34903,-122.52821
"836","37","Whatcom","Bellingham Bay","Squalicum Harbor",48.75425,-122.50539
"837","16","Jefferson","Hood Canal #1","Squamish Harbor",47.85816,-122.67349
"838","28","San Juan","San Juan Channel","Squaw Bay",48.56005,-122.94687
"839","23","Mason","Squaxin Passage","Squaxin Island",47.18577,-122.90806
"840","25","Pacific","Willapa Bay","Stackpole Harbor",46.60131,-124.03107
"841","25","Pacific","Willapa Bay","Stackpole South",46.60749,-124.01952
"842","05","Clallam","Clallam Coast","Starbuck",48.01433,-124.67815
"843","18","Kitsap","Hood Canal #2","Stavis Bay",47.63292,-122.86929
"844","34","Thurston","Totten Inlet","Steamboat 3 Tract #17500",47.17886,-122.94198
"845","34","Thurston","Totten Inlet","Steamboat Island",47.18526,-122.94024
"846","28","San Juan","San Juan Channel","Steep Point",48.60923,-123.02411
"847","27","Pierce","South Narrows","Steilacoom Dock",47.17315,-122.60396
"848","27","Pierce","South Narrows","Steilacoom Marina",47.16763,-122.61438
"849","27","Pierce","Carr Inlet","Still Harbor Tract #12750",47.22612,-122.66339
"850","27","Pierce","Carr Inlet","Still Harbor/Gertrude Is",47.21845,-122.66311
"851","31","Snohomish","Port Susan","Stillaguamish Mouth",48.218,-122.37358
"852","25","Pacific","Willapa Bay","Stony Point",46.66166,-123.94049
"853","29","Skagit","Cypress Island","Strawberry Island",48.56194,-122.73569
"854","15","Island","Skagit Bay","Strawberry Point",48.301,-122.50179
"855","23","Mason","Case Inlet","Stretch Island",47.32453,-122.82632
"856","23","Mason","Case Inlet","Stretch Island Bridge",47.32849,-122.83226
"857","23","Mason","Case Inlet","Stretch Island State Park",47.33017,-122.81898
"858","28","San Juan","Spieden Channel","Stuart Island",48.67756,-123.2119
"859","28","San Juan","Sucia Island","Sucia Island",48.76451,-122.91325
"860","27","Pierce","Hale Passage","Sunny Bay",47.27736,-122.62975
"861","15","Island","Port Susan","Sunny Shore Acres",48.11034,-122.40801
"862","15","Island","Saratoga Passage","Sunrise Beach",48.03764,-122.403
"863","27","Pierce","Colvos Passage","Sunrise Beach Park",47.34849,-122.55552
"864","15","Island","West Whidbey","Sunset Beach",48.31209,-122.71521
"865","17","King","Colvos Passage","Sunset Beach",47.43502,-122.51275
"866","18","Kitsap","Port Madison","Suquamish Boat Ramp",47.73101,-122.55055
"867","18","Kitsap","Port Madison","Suquamish Public Access",47.72903,-122.55111
"868","28","San Juan","Lopez Sound","Swifts Bay",48.54668,-122.86971
"869","29","Skagit","Swinomish Channel","Swinomish Channel",48.41992,-122.50168
"870","29","Skagit","Padilla Bay","Swinomish Channel Mouth",48.46089,-122.51611
"871","17","King","Colvos Passage","Tahlequah",47.33338,-122.50911
"872","14","Grays Harbor","Grays Harbor Coast","Taholah",47.34746,-124.30029
"873","16","Jefferson","Port Ludlow","Tala Point",47.93169,-122.65814
"874","16","Jefferson","North Hood","Tala Point South Tract #19400",47.91245,-122.64837
"875","16","Jefferson","North Hood","Tala Point Tract #19350",47.93563,-122.64955
"876","05","Clallam","Clallam Coast","Tatoosh Island",48.39196,-124.73624
"877","16","Jefferson","Jefferson Coast","Teahwhit Head",47.87159,-124.61201
"878","16","Jefferson","Jefferson Coast","Third Beach",47.87727,-124.58662
"879","27","Pierce","Nisqually Reach","Thompson Cove",47.12731,-122.70528
"880","27","Pierce","Nisqually Reach","Thompson Cove Tract #13400",47.1257,-122.70723
"881","18","Kitsap","Agate Passage","Thompson Creek",47.71087,-122.57369
"882","16","Jefferson","Hood Canal #1","Thorndyke Bay",47.80881,-122.74017
"883","16","Jefferson","Hood Canal #1","Thorndyke Tract #20550",47.80342,-122.73455
"884","17","King","South King County","Three Tree Point",47.45043,-122.38294
"885","29","Skagit","Cypress Island","Tide Point",48.58511,-122.7409
"886","27","Pierce","Narrows","Titlow Beach",47.24784,-122.55366
"887","16","Jefferson","Hood Canal #3","Toandos Tidelands",47.68703,-122.78464
"888","25","Pacific","Willapa Bay","Tokeland Area",46.71374,-123.93897
"889","25","Pacific","Willapa Bay","Tokeland Marina",46.71478,-123.96633
"890","16","Jefferson","Jefferson Coast","Toleak Point",47.83425,-124.54183
"891","05","Clallam","Clallam Coast","Toleak Pt to Sand Pt",47.75361,-124.68065
"892","34","Thurston","Nisqually Reach","Tolmie State Park",47.12157,-122.77487
"893","16","Jefferson","Discovery Bay","Tom Madsen's Beach",47.99559,-122.85303
"894","05","Clallam","East Straits","Tongue Point",48.1677,-123.70923
"895","29","Skagit","Cypress Island","Towhead Island",48.61213,-122.71461
"896","18","Kitsap","Dyes Inlet","Tracyton",47.60993,-122.66043
"897","17","King","East Passage","Tramp Harbor",47.41245,-122.43735
"898","05","Clallam","Sequim Bay","Travis Spit",48.08077,-123.03757
"899","27","Pierce","Drayton Passage","Treble Point",47.15223,-122.74298
"900","27","Pierce","Drayton Passage","Treble Point Tract #13300",47.15307,-122.74444
"901","15","Island","Port Susan","Triangle Beach",48.20057,-122.47335
"902","18","Kitsap","Agate Passage","Tribal Center",47.70573,-122.57924
"903","23","Mason","Hood Canal #4","Triton Head",47.60561,-122.98205
"904","31","Snohomish","Possession Sound","Tulalip Bay",48.05888,-122.28469
"905","31","Snohomish","Port Susan","Tulare Beach",48.1016,-122.34501
"906","28","San Juan","South Lopez","Turn Island",48.53319,-122.97126
"907","23","Mason","Hood Canal #7","Twanoh Park",47.38054,-122.95776
"908","25","Pacific","Pacific County Coast","Twin Harbors Area CL",46.79202,-124.09969
"909","25","Pacific","Pacific County Coast","Twin Harbors Area G",46.75863,-124.09743
"910","25","Pacific","Pacific County Coast","Twin Harbors Area H",46.77598,-124.09744
"911","14","Grays Harbor","Grays Harbor Coast","Twin Harbors Area I",46.85582,-124.11944
"912","14","Grays Harbor","Grays Harbor Coast","Twin Harbors Area XH",46.80016,-124.10115
"913","05","Clallam","East Straits","Twin River",48.16598,-123.9571
"914","28","San Juan","East Sound","Twin Rocks",48.61576,-122.86577
"915","18","Kitsap","North Hood","Twin Spits",47.9296,-122.61624
"916","18","Kitsap","East Bainbridge","Tyee Shoal",47.61037,-122.48768
"917","23","Mason","Hood Canal #6","Union",47.35713,-123.09858
"918","18","Kitsap","West Bainbridge","University Point",47.63862,-122.59279
"919","28","San Juan","Lopez Sound","Upright Head",48.56485,-122.88714
"920","15","Island","Useless Bay","Useless Bay",47.98563,-122.48179
"921","15","Island","Useless Bay","Useless Bay Tract #05350",47.95679,-122.47213
"922","15","Island","Saratoga Passage","Utsalady Bay",48.25657,-122.47292
"923","17","King","East Passage","Vashon East Tract #09750",47.43581,-122.43331
"924","27","Pierce","Case Inlet","Vaughn Bay",47.34117,-122.7876
"925","29","Skagit","Guemes Island","Vendovi Island",48.61019,-122.60622
"926","18","Kitsap","Hood Canal #1","Vinland",47.77577,-122.69769
"927","18","Kitsap","Hood Canal #1","Vinland Tract #20750",47.78244,-122.69374
"928","27","Pierce","Carr Inlet","Von Geldern Cove",47.27456,-122.7575
"929","28","San Juan","East Sound","W East Sound",48.66205,-122.90725
"930","05","Clallam","West Straits","Waadah Island",48.38136,-124.59754
"931","28","San Juan","President Channel","Waldron Island",48.70254,-123.03074
"932","23","Mason","Pickering Passage","Walkers Landing",47.28196,-122.92335
"933","31","Snohomish","Port Susan","Warm Beach",48.16959,-122.36765
"934","18","Kitsap","Hood Canal #2","Warrenville (Big Beef) Tr #21",47.66649,-122.78966
"935","05","Clallam","Sequim Bay","Washington Harbor",48.08355,-123.04883
"936","29","Skagit","West Fidalgo Island","Washington Park",48.50073,-122.69225
"937","05","Clallam","Clallam Coast","Watch Point",48.33884,-124.68751
"938","18","Kitsap","Sinclair Inlet","Waterman",47.57494,-122.57715
"939","28","San Juan","South Lopez","Watmough Head",48.43136,-122.80378
"940","28","San Juan","Sucia Island","West Bank",48.75309,-122.94589
"941","15","Island","West Whidbey","West Beach",48.23124,-122.76755
"942","28","San Juan","President Channel","West Beach Cove",48.68754,-122.9588
"943","16","Jefferson","Kilisut Harbor","West Griffiths Point",48.04863,-122.70436
"944","37","Whatcom","West Lummi Island","West Lummi Island",48.69231,-122.68229
"945","29","Skagit","Fidalgo Bay","West March Point",48.48232,-122.57514
"946","27","Pierce","Narrows","West Narrows North",47.28172,-122.5498
"947","28","San Juan","San Juan Channel","West Neck Point Cove",48.58292,-123.01341
"948","17","King","North King County","West Point",47.66204,-122.43623
"949","28","San Juan","President Channel","West Side",48.69917,-123.07181
"950","28","San Juan","West Sound","West Sound",48.62224,-122.96953
"951","28","San Juan","West Sound","West Sound Marina",48.62936,-122.95769
"952","23","Mason","Pickering Passage","West Squaxin Island",47.19523,-122.91878
"953","05","Clallam","West Straits","West Straits",48.30706,-124.41259
"954","28","San Juan","Haro Strait","Westcott Bay",48.60121,-123.14572
"955","14","Grays Harbor","Grays Harbor","Westport",46.90406,-124.10477
"956","14","Grays Harbor","Grays Harbor Coast","Westport",46.89196,-124.13295
"957","15","Island","Saratoga Passage","Whidbey Island",48.16663,-122.59727
"958","14","Grays Harbor","Grays Harbor","Whitcomb Spit",46.90987,-124.07406
"959","16","Jefferson","North Hood","White Rock",47.8933,-122.64385
"960","25","Pacific","Willapa Bay","Willapa Bay",46.65069,-123.98007
"961","25","Pacific","Willapa Bay","Willapa Spits",46.67832,-124.02712
"962","29","Skagit","West Fidalgo Island","Williamson Rocks",48.44955,-122.70592
"963","16","Jefferson","Port Townsend","Wilson Point",48.14458,-122.75495
"964","23","Mason","Totten Inlet","Windy Point",47.16858,-122.96554
"965","29","Skagit","Samish Bay","Windy Point",48.60462,-122.43273
"966","18","Kitsap","East Bainbridge","Wing Point",47.62022,-122.49129
"967","27","Pierce","Hale Passage","Wollochet Bay",47.28083,-122.59701
"968","15","Island","Saratoga Passage","Woodland Beach",48.20287,-122.53828
"969","16","Jefferson","Discovery Bay","Woodmans Beach",48.01573,-122.83386
"970","27","Pierce","Pitt Passage","Wyckoff Shoal Tracts",47.23756,-122.70982
"971","05","Clallam","East Straits","X Tract #00150",48.15874,-123.52269
"972","05","Clallam","East Straits","X Tract #00200",48.1412,-123.48003
"973","37","Whatcom","Bellingham Bay","X Tract #02950",48.6597,-122.6126
"974","37","Whatcom","Bellingham Bay","X Tract #02990",48.65423,-122.57725
"975","18","Kitsap","Kingston","X Tract #06300",47.82083,-122.48408
"976","16","Jefferson","Hood Canal #1","X Tract #20850",47.77177,-122.7461
"977","29","Skagit","Deception Pass","Yokeko Point",48.41351,-122.61426
"978","29","Skagit","West Fidalgo Island","Young Island",48.47402,-122.68978
"979","18","Kitsap","Blake Island","Yukon Harbor",47.52898,-122.53763
"980","16","Jefferson","Hood Canal #3","Zelatched Point",47.71148,-122.82424
"981","34","Thurston","Nisqually Reach","Zittel's Marina",47.16524,-122.80884
