date,agency,location,species,type,da_ppm
11/9/20,WDFW,OR/WA border/Pt. Chehalis (Grayland 15 f),Dungeness,Gut,4
11/9/20,WDFW,OR/WA border/Pt. Chehalis (Grayland 15 f),Dungeness,Gut,3
11/9/20,WDFW,OR/WA border/Pt. Chehalis (Grayland 15 f),Dungeness,Gut,10
11/9/20,WDFW,OR/WA border/Pt. Chehalis (Grayland 15 f),Dungeness,Gut,14
11/9/20,WDFW,OR/WA border/Pt. Chehalis (Grayland 15 f),Dungeness,Gut,8
11/9/20,WDFW,OR/WA border/Pt. Chehalis (Grayland 15 f),Dungeness,Gut,5
11/9/20,WDFW,Inside Willapa Bay,Dungeness,Gut,6
11/9/20,WDFW,Inside Willapa Bay,Dungeness,Gut,2
11/9/20,WDFW,Inside Willapa Bay,Dungeness,Gut,7
11/9/20,WDFW,Inside Willapa Bay,Dungeness,Gut,4
11/9/20,WDFW,Inside Willapa Bay,Dungeness,Gut,4
11/9/20,WDFW,Inside Willapa Bay,Dungeness,Gut,3
11/9/20,WDFW,OR/WA border/Pt. Chehalis (Long Beach Peninsula 15 f),Dungeness,Gut,1
11/9/20,WDFW,OR/WA border/Pt. Chehalis (Long Beach Peninsula 15 f),Dungeness,Gut,1
11/9/20,WDFW,OR/WA border/Pt. Chehalis (Long Beach Peninsula 15 f),Dungeness,Gut,3
11/9/20,WDFW,OR/WA border/Pt. Chehalis (Long Beach Peninsula 15 f),Dungeness,Gut,5
11/9/20,WDFW,OR/WA border/Pt. Chehalis (Long Beach Peninsula 15 f),Dungeness,Gut,5
11/9/20,WDFW,OR/WA border/Pt. Chehalis (Long Beach Peninsula 15 f),Dungeness,Gut,2
11/21/20,QIN,Pt. Chehalis to Queets River,Dungeness,Gut,3
11/21/20,QIN,Pt. Chehalis to Queets River,Dungeness,Gut,26
11/21/20,QIN,Pt. Chehalis to Queets River,Dungeness,Gut,11
11/21/20,QIN,Pt. Chehalis to Queets River,Dungeness,Gut,3
11/21/20,QIN,Pt. Chehalis to Queets River,Dungeness,Gut,3
11/21/20,QIN,Pt. Chehalis to Queets River,Dungeness,Gut,44
11/29/20,WDFW,Inside Grays Harbor,Dungeness,Gut,7
11/29/20,WDFW,Inside Grays Harbor,Dungeness,Gut,38
11/29/20,WDFW,Inside Grays Harbor,Dungeness,Gut,8
11/29/20,WDFW,Inside Grays Harbor,Dungeness,Gut,9
11/29/20,WDFW,Inside Grays Harbor,Dungeness,Gut,4
11/29/20,WDFW,Inside Grays Harbor,Dungeness,Gut,13
11/29/20,WDFW,Inside Columbia River,Dungeness,Gut,11
11/29/20,WDFW,Inside Columbia River,Dungeness,Gut,12
11/29/20,WDFW,Inside Columbia River,Dungeness,Gut,11
11/29/20,WDFW,Inside Columbia River,Dungeness,Gut,4
11/29/20,WDFW,Inside Columbia River,Dungeness,Gut,3
11/29/20,WDFW,Inside Columbia River,Dungeness,Gut,18
11/29/20,WDFW,OR/WA border/Pt. Chehalis (Grayland 15 f),Dungeness,Gut,13
11/29/20,WDFW,OR/WA border/Pt. Chehalis (Grayland 15 f),Dungeness,Gut,9
11/29/20,WDFW,OR/WA border/Pt. Chehalis (Grayland 15 f),Dungeness,Gut,8
11/29/20,WDFW,OR/WA border/Pt. Chehalis (Grayland 15 f),Dungeness,Gut,14
11/29/20,WDFW,OR/WA border/Pt. Chehalis (Grayland 15 f),Dungeness,Gut,20
11/29/20,WDFW,OR/WA border/Pt. Chehalis (Grayland 15 f),Dungeness,Gut,21
11/29/20,WDFW,OR/WA border/Pt. Chehalis (Long Beach Peninsula 15 f),Dungeness,Gut,1
11/29/20,WDFW,OR/WA border/Pt. Chehalis (Long Beach Peninsula 15 f),Dungeness,Gut,5
11/29/20,WDFW,OR/WA border/Pt. Chehalis (Long Beach Peninsula 15 f),Dungeness,Gut,5
11/29/20,WDFW,OR/WA border/Pt. Chehalis (Long Beach Peninsula 15 f),Dungeness,Gut,6
11/29/20,WDFW,OR/WA border/Pt. Chehalis (Long Beach Peninsula 15 f),Dungeness,Gut,8
11/29/20,WDFW,OR/WA border/Pt. Chehalis (Long Beach Peninsula 15 f),Dungeness,Gut,17
11/29/20,WDFW,OR/WA border/Pt. Chehalis (Long Beach Peninsula 7 f),Dungeness,Gut,25
11/29/20,WDFW,OR/WA border/Pt. Chehalis (Long Beach Peninsula 7 f),Dungeness,Gut,1
11/29/20,WDFW,OR/WA border/Pt. Chehalis (Long Beach Peninsula 7 f),Dungeness,Gut,5
11/29/20,WDFW,OR/WA border/Pt. Chehalis (Long Beach Peninsula 7 f),Dungeness,Gut,4
11/29/20,WDFW,OR/WA border/Pt. Chehalis (Long Beach Peninsula 7 f),Dungeness,Gut,28
11/29/20,WDFW,OR/WA border/Pt. Chehalis (Long Beach Peninsula 7 f),Dungeness,Gut,13
12/1/20,WDFW,Inside Willapa Bay,Dungeness,Gut,2
12/1/20,WDFW,Inside Willapa Bay,Dungeness,Gut,1
12/1/20,WDFW,Inside Willapa Bay,Dungeness,Gut,1
12/1/20,WDFW,Inside Willapa Bay,Dungeness,Gut,1
12/1/20,WDFW,Inside Willapa Bay,Dungeness,Gut,5
12/1/20,WDFW,Inside Willapa Bay,Dungeness,Gut,5
12/2/20,QIN,Pt. Chehalis to D.I. 20 fms,Dungeness,Gut,7
12/2/20,QIN,Pt. Chehalis to D.I. 20 fms,Dungeness,Gut,15
12/2/20,QIN,Pt. Chehalis to D.I. 20 fms,Dungeness,Gut,19
12/2/20,QIN,Pt. Chehalis to D.I. 20 fms,Dungeness,Gut,11
12/2/20,QIN,Pt. Chehalis to D.I. 20 fms,Dungeness,Gut,21
12/2/20,QIN,Pt. Chehalis to D.I. 20 fms,Dungeness,Gut,14
12/2/20,QIN,Pt. Chehalis to D.I. 10 fms,Dungeness,Gut,27
12/2/20,QIN,Pt. Chehalis to D.I. 10 fms,Dungeness,Gut,28
12/2/20,QIN,Pt. Chehalis to D.I. 10 fms,Dungeness,Gut,27
12/2/20,QIN,Pt. Chehalis to D.I. 10 fms,Dungeness,Gut,6
12/2/20,QIN,Pt. Chehalis to D.I. 10 fms,Dungeness,Gut,23
12/2/20,QIN,Pt. Chehalis to D.I. 10 fms,Dungeness,Gut,24
12/2/20,QIN,Inside Grays Harbor,Dungeness,Gut,15
12/2/20,QIN,Inside Grays Harbor,Dungeness,Gut,8
12/2/20,QIN,Inside Grays Harbor,Dungeness,Gut,41
12/2/20,QIN,Inside Grays Harbor,Dungeness,Gut,25
12/2/20,QIN,Inside Grays Harbor,Dungeness,Gut,44
12/2/20,QIN,Inside Grays Harbor,Dungeness,Gut,29
12/5/20,WDFW,OR/WA border/Pt. Chehalis (Seaview 15 f),Dungeness,Gut,16
12/5/20,WDFW,OR/WA border/Pt. Chehalis (Seaview 15 f),Dungeness,Gut,6
12/5/20,WDFW,OR/WA border/Pt. Chehalis (Seaview 15 f),Dungeness,Gut,1
12/5/20,WDFW,OR/WA border/Pt. Chehalis (Seaview 15 f),Dungeness,Gut,4
12/5/20,WDFW,OR/WA border/Pt. Chehalis (Seaview 15 f),Dungeness,Gut,15
12/5/20,WDFW,OR/WA border/Pt. Chehalis (Seaview 15 f),Dungeness,Gut,9
12/5/20,WDFW,OR/WA border/Pt. Chehalis (Seaview 7 f),Dungeness,Gut,4
12/5/20,WDFW,OR/WA border/Pt. Chehalis (Seaview 7 f),Dungeness,Gut,7
12/5/20,WDFW,OR/WA border/Pt. Chehalis (Seaview 7 f),Dungeness,Gut,14
12/5/20,WDFW,OR/WA border/Pt. Chehalis (Seaview 7 f),Dungeness,Gut,17
12/5/20,WDFW,OR/WA border/Pt. Chehalis (Seaview 7 f),Dungeness,Gut,23
12/5/20,WDFW,OR/WA border/Pt. Chehalis (Seaview 7 f),Dungeness,Gut,4
12/5/20,WDFW,OR/WA border/Pt. Chehalis (Peacock Spit 15 f),Dungeness,Gut,2
12/5/20,WDFW,OR/WA border/Pt. Chehalis (Peacock Spit 15 f),Dungeness,Gut,7
12/5/20,WDFW,OR/WA border/Pt. Chehalis (Peacock Spit 15 f),Dungeness,Gut,15
12/5/20,WDFW,OR/WA border/Pt. Chehalis (Peacock Spit 15 f),Dungeness,Gut,27
12/5/20,WDFW,OR/WA border/Pt. Chehalis (Peacock Spit 15 f),Dungeness,Gut,8
12/5/20,WDFW,OR/WA border/Pt. Chehalis (Peacock Spit 15 f),Dungeness,Gut,27
12/5/20,WDFW,OR/WA border/Pt. Chehalis (Peacock Spit 7 f),Dungeness,Gut,9
12/5/20,WDFW,OR/WA border/Pt. Chehalis (Peacock Spit 7 f),Dungeness,Gut,1
12/5/20,WDFW,OR/WA border/Pt. Chehalis (Peacock Spit 7 f),Dungeness,Gut,30
12/5/20,WDFW,OR/WA border/Pt. Chehalis (Peacock Spit 7 f),Dungeness,Gut,34
12/5/20,WDFW,OR/WA border/Pt. Chehalis (Peacock Spit 7 f),Dungeness,Gut,36
12/5/20,WDFW,OR/WA border/Pt. Chehalis (Peacock Spit 7 f),Dungeness,Gut,34
12/5/20,WDFW,OR/WA border/Pt. Chehalis (Cranberry  15 f),Dungeness,Gut,7
12/5/20,WDFW,OR/WA border/Pt. Chehalis (Cranberry  15 f),Dungeness,Gut,5
12/5/20,WDFW,OR/WA border/Pt. Chehalis (Cranberry  15 f),Dungeness,Gut,10
12/5/20,WDFW,OR/WA border/Pt. Chehalis (Cranberry  15 f),Dungeness,Gut,5
12/5/20,WDFW,OR/WA border/Pt. Chehalis (Cranberry  15 f),Dungeness,Gut,4
12/5/20,WDFW,OR/WA border/Pt. Chehalis (Cranberry  15 f),Dungeness,Gut,15
12/5/20,WDFW,OR/WA border/Pt. Chehalis (Cranberry  7 f),Dungeness,Gut,11
12/5/20,WDFW,OR/WA border/Pt. Chehalis (Cranberry  7 f),Dungeness,Gut,15
12/5/20,WDFW,OR/WA border/Pt. Chehalis (Cranberry  7 f),Dungeness,Gut,14
12/5/20,WDFW,OR/WA border/Pt. Chehalis (Cranberry  7 f),Dungeness,Gut,11
12/5/20,WDFW,OR/WA border/Pt. Chehalis (Cranberry  7 f),Dungeness,Gut,1
12/5/20,WDFW,OR/WA border/Pt. Chehalis (Cranberry  7 f),Dungeness,Gut,15
12/9/20,QIN,Pt. Chehalis to D.I. 10 fms,Dungeness,Gut,6
12/9/20,QIN,Pt. Chehalis to D.I. 10 fms,Dungeness,Gut,13
12/9/20,QIN,Pt. Chehalis to D.I. 10 fms,Dungeness,Gut,15
12/9/20,QIN,Pt. Chehalis to D.I. 10 fms,Dungeness,Gut,13
12/9/20,QIN,Pt. Chehalis to D.I. 10 fms,Dungeness,Gut,24
12/9/20,QIN,Pt. Chehalis to D.I. 10 fms,Dungeness,Gut,15
12/9/20,QIN,Inside Grays Harbor,Dungeness,Gut,34
12/9/20,QIN,Inside Grays Harbor,Dungeness,Gut,26
12/9/20,QIN,Inside Grays Harbor,Dungeness,Gut,8
12/9/20,QIN,Inside Grays Harbor,Dungeness,Gut,6
12/9/20,QIN,Inside Grays Harbor,Dungeness,Gut,36
12/9/20,QIN,Inside Grays Harbor,Dungeness,Gut,10
12/9/20,QIN,Pt. Chehalis to D.I. 20 fms,Dungeness,Gut,18
12/9/20,QIN,Pt. Chehalis to D.I. 20 fms,Dungeness,Gut,11
12/9/20,QIN,Pt. Chehalis to D.I. 20 fms,Dungeness,Gut,13
12/9/20,QIN,Pt. Chehalis to D.I. 20 fms,Dungeness,Gut,23
12/9/20,QIN,Pt. Chehalis to D.I. 20 fms,Dungeness,Gut,6
12/9/20,QIN,Pt. Chehalis to D.I. 20 fms,Dungeness,Gut,8
12/9/20,WDFW,Inside Columbia River  (Sand Is.),Dungeness,Gut,1
12/9/20,WDFW,Inside Columbia River  (Sand Is.),Dungeness,Gut,2
12/9/20,WDFW,Inside Columbia River  (Sand Is.),Dungeness,Gut,3
12/9/20,WDFW,Inside Columbia River  (Sand Is.),Dungeness,Gut,14
12/9/20,WDFW,Inside Columbia River  (Sand Is.),Dungeness,Gut,14
12/9/20,WDFW,Inside Columbia River  (Sand Is.),Dungeness,Gut,21
12/9/20,WDFW,Inside Willapa Bay (near Tokeland),Dungeness,Gut,17
12/9/20,WDFW,Inside Willapa Bay (near Tokeland),Dungeness,Gut,2
12/9/20,WDFW,Inside Willapa Bay (near Tokeland),Dungeness,Gut,1
12/9/20,WDFW,Inside Willapa Bay (near Tokeland),Dungeness,Gut,15
12/9/20,WDFW,Inside Willapa Bay (near Tokeland),Dungeness,Gut,1
12/9/20,WDFW,Inside Willapa Bay (near Tokeland),Dungeness,Gut,1
12/12/20,WDFW,OR/WA border/Pt. Chehalis (Seaview 7 f),Dungeness,Gut,17
12/12/20,WDFW,OR/WA border/Pt. Chehalis (Seaview 7 f),Dungeness,Gut,7
12/12/20,WDFW,OR/WA border/Pt. Chehalis (Seaview 7 f),Dungeness,Gut,12
12/12/20,WDFW,OR/WA border/Pt. Chehalis (Seaview 7 f),Dungeness,Gut,1
12/12/20,WDFW,OR/WA border/Pt. Chehalis (Seaview 7 f),Dungeness,Gut,14
12/12/20,WDFW,OR/WA border/Pt. Chehalis (Seaview 7 f),Dungeness,Gut,9
12/12/20,WDFW,OR/WA border/Pt. Chehalis (Seaview 15 f),Dungeness,Gut,3
12/12/20,WDFW,OR/WA border/Pt. Chehalis (Seaview 15 f),Dungeness,Gut,1
12/12/20,WDFW,OR/WA border/Pt. Chehalis (Seaview 15 f),Dungeness,Gut,3
12/12/20,WDFW,OR/WA border/Pt. Chehalis (Seaview 15 f),Dungeness,Gut,32
12/12/20,WDFW,OR/WA border/Pt. Chehalis (Seaview 15 f),Dungeness,Gut,13
12/12/20,WDFW,OR/WA border/Pt. Chehalis (Seaview 15 f),Dungeness,Gut,14
12/12/20,WDFW,OR/WA border/Pt. Chehalis (Peacock Spit 15 f),Dungeness,Gut,9
12/12/20,WDFW,OR/WA border/Pt. Chehalis (Peacock Spit 15 f),Dungeness,Gut,1
12/12/20,WDFW,OR/WA border/Pt. Chehalis (Peacock Spit 15 f),Dungeness,Gut,12
12/12/20,WDFW,OR/WA border/Pt. Chehalis (Peacock Spit 15 f),Dungeness,Gut,13
12/12/20,WDFW,OR/WA border/Pt. Chehalis (Peacock Spit 15 f),Dungeness,Gut,4
12/12/20,WDFW,OR/WA border/Pt. Chehalis (Peacock Spit 15 f),Dungeness,Gut,4
12/12/20,WDFW,OR/WA border/Pt. Chehalis (Peacock Spit 7 f),Dungeness,Gut,64
12/12/20,WDFW,OR/WA border/Pt. Chehalis (Peacock Spit 7 f),Dungeness,Gut,15
12/12/20,WDFW,OR/WA border/Pt. Chehalis (Peacock Spit 7 f),Dungeness,Gut,4
12/12/20,WDFW,OR/WA border/Pt. Chehalis (Peacock Spit 7 f),Dungeness,Gut,5
12/12/20,WDFW,OR/WA border/Pt. Chehalis (Peacock Spit 7 f),Dungeness,Gut,15
12/12/20,WDFW,OR/WA border/Pt. Chehalis (Peacock Spit 7 f),Dungeness,Gut,9
12/12/20,WDFW,OR/WA border/Pt. Chehalis (Cranberry 30 f),Dungeness,Gut,5
12/12/20,WDFW,OR/WA border/Pt. Chehalis (Cranberry 30 f),Dungeness,Gut,4
12/12/20,WDFW,OR/WA border/Pt. Chehalis (Cranberry 30 f),Dungeness,Gut,2
12/12/20,WDFW,OR/WA border/Pt. Chehalis (Cranberry 30 f),Dungeness,Gut,7
12/12/20,WDFW,OR/WA border/Pt. Chehalis (Cranberry 30 f),Dungeness,Gut,2
12/12/20,WDFW,OR/WA border/Pt. Chehalis (Cranberry 30 f),Dungeness,Gut,2
12/12/20,WDFW,OR/WA border/Pt. Chehalis (Cranberry 15 f),Dungeness,Gut,1
12/12/20,WDFW,OR/WA border/Pt. Chehalis (Cranberry 15 f),Dungeness,Gut,6
12/12/20,WDFW,OR/WA border/Pt. Chehalis (Cranberry 15 f),Dungeness,Gut,3
12/12/20,WDFW,OR/WA border/Pt. Chehalis (Cranberry 15 f),Dungeness,Gut,2
12/12/20,WDFW,OR/WA border/Pt. Chehalis (Cranberry 15 f),Dungeness,Gut,2
12/12/20,WDFW,OR/WA border/Pt. Chehalis (Cranberry 15 f),Dungeness,Gut,3
12/12/20,WDFW,OR/WA border/Pt. Chehalis (Cranberry 7 f),Dungeness,Gut,3
12/12/20,WDFW,OR/WA border/Pt. Chehalis (Cranberry 7 f),Dungeness,Gut,1
12/12/20,WDFW,OR/WA border/Pt. Chehalis (Cranberry 7 f),Dungeness,Gut,5
12/12/20,WDFW,OR/WA border/Pt. Chehalis (Cranberry 7 f),Dungeness,Gut,35
12/12/20,WDFW,OR/WA border/Pt. Chehalis (Cranberry 7 f),Dungeness,Gut,18
12/12/20,WDFW,OR/WA border/Pt. Chehalis (Cranberry 7 f),Dungeness,Gut,8
12/12/20,WDFW,Inside Columbia River,Dungeness,Gut,14
12/12/20,WDFW,Inside Columbia River,Dungeness,Gut,2
12/12/20,WDFW,Inside Columbia River,Dungeness,Gut,27
12/12/20,WDFW,Inside Columbia River,Dungeness,Gut,6
12/12/20,WDFW,Inside Columbia River,Dungeness,Gut,4
12/12/20,WDFW,Inside Columbia River,Dungeness,Gut,2
12/16/20,QIN,Inside Grays Harbor,Dungeness,Gut,61
12/16/20,QIN,Inside Grays Harbor,Dungeness,Gut,12
12/16/20,QIN,Inside Grays Harbor,Dungeness,Gut,7
12/16/20,QIN,Inside Grays Harbor,Dungeness,Gut,11
12/16/20,QIN,Inside Grays Harbor,Dungeness,Gut,11
12/16/20,QIN,Inside Grays Harbor,Dungeness,Gut,7
12/16/20,WDFW,Inside Willapa Bay,Dungeness,Gut,42
12/16/20,WDFW,Inside Willapa Bay,Dungeness,Gut,18
12/16/20,WDFW,Inside Willapa Bay,Dungeness,Gut,27
12/16/20,WDFW,Inside Willapa Bay,Dungeness,Gut,2
12/16/20,WDFW,Inside Willapa Bay,Dungeness,Gut,13
12/16/20,WDFW,Inside Willapa Bay,Dungeness,Gut,6
12/28/20,WDFW,OR/WA border/Pt. Chehalis (Seaview 15 f),Dungeness,Gut,4
12/28/20,WDFW,OR/WA border/Pt. Chehalis (Seaview 15 f),Dungeness,Gut,42
12/28/20,WDFW,OR/WA border/Pt. Chehalis (Seaview 15 f),Dungeness,Gut,2
12/28/20,WDFW,OR/WA border/Pt. Chehalis (Seaview 15 f),Dungeness,Gut,18
12/28/20,WDFW,OR/WA border/Pt. Chehalis (Seaview 15 f),Dungeness,Gut,2
12/28/20,WDFW,OR/WA border/Pt. Chehalis (Seaview 15 f),Dungeness,Gut,12
12/28/20,WDFW,OR/WA border/Pt. Chehalis (Seaview 7 f),Dungeness,Gut,2
12/28/20,WDFW,OR/WA border/Pt. Chehalis (Seaview 7 f),Dungeness,Gut,44
12/28/20,WDFW,OR/WA border/Pt. Chehalis (Seaview 7 f),Dungeness,Gut,31
12/28/20,WDFW,OR/WA border/Pt. Chehalis (Seaview 7 f),Dungeness,Gut,1
12/28/20,WDFW,OR/WA border/Pt. Chehalis (Seaview 7 f),Dungeness,Gut,9
12/28/20,WDFW,OR/WA border/Pt. Chehalis (Seaview 7 f),Dungeness,Gut,14
12/28/20,WDFW,OR/WA border/Pt. Chehalis (Peacock Spit 15 f),Dungeness,Gut,14
12/28/20,WDFW,OR/WA border/Pt. Chehalis (Peacock Spit 15 f),Dungeness,Gut,<1
12/28/20,WDFW,OR/WA border/Pt. Chehalis (Peacock Spit 15 f),Dungeness,Gut,14
12/28/20,WDFW,OR/WA border/Pt. Chehalis (Peacock Spit 15 f),Dungeness,Gut,4
12/28/20,WDFW,OR/WA border/Pt. Chehalis (Peacock Spit 15 f),Dungeness,Gut,6
12/28/20,WDFW,OR/WA border/Pt. Chehalis (Peacock Spit 15 f),Dungeness,Gut,2
12/28/20,WDFW,OR/WA border/Pt. Chehalis (Peacock Spit 7 f),Dungeness,Gut,2
12/28/20,WDFW,OR/WA border/Pt. Chehalis (Peacock Spit 7 f),Dungeness,Gut,3
12/28/20,WDFW,OR/WA border/Pt. Chehalis (Peacock Spit 7 f),Dungeness,Gut,27
12/28/20,WDFW,OR/WA border/Pt. Chehalis (Peacock Spit 7 f),Dungeness,Gut,37
12/28/20,WDFW,OR/WA border/Pt. Chehalis (Peacock Spit 7 f),Dungeness,Gut,46
12/28/20,WDFW,OR/WA border/Pt. Chehalis (Peacock Spit 7 f),Dungeness,Gut,15
12/28/20,WDFW,OR/WA border/Pt. Chehalis (Cranberry 15 f),Dungeness,Gut,11
12/28/20,WDFW,OR/WA border/Pt. Chehalis (Cranberry 15 f),Dungeness,Gut,2
12/28/20,WDFW,OR/WA border/Pt. Chehalis (Cranberry 15 f),Dungeness,Gut,1
12/28/20,WDFW,OR/WA border/Pt. Chehalis (Cranberry 15 f),Dungeness,Gut,8
12/28/20,WDFW,OR/WA border/Pt. Chehalis (Cranberry 15 f),Dungeness,Gut,2
12/28/20,WDFW,OR/WA border/Pt. Chehalis (Cranberry 15 f),Dungeness,Gut,1
12/28/20,WDFW,OR/WA border/Pt. Chehalis (Cranberry 7 f),Dungeness,Gut,6
12/28/20,WDFW,OR/WA border/Pt. Chehalis (Cranberry 7 f),Dungeness,Gut,5
12/28/20,WDFW,OR/WA border/Pt. Chehalis (Cranberry 7 f),Dungeness,Gut,3
12/28/20,WDFW,OR/WA border/Pt. Chehalis (Cranberry 7 f),Dungeness,Gut,3
12/28/20,WDFW,OR/WA border/Pt. Chehalis (Cranberry 7 f),Dungeness,Gut,5
12/28/20,WDFW,OR/WA border/Pt. Chehalis (Cranberry 7 f),Dungeness,Gut,7
12/28/20,WDFW,Inside Columbia River,Dungeness,Gut,11
12/28/20,WDFW,Inside Columbia River,Dungeness,Gut,20
12/28/20,WDFW,Inside Columbia River,Dungeness,Gut,14
12/28/20,WDFW,Inside Columbia River,Dungeness,Gut,4
12/28/20,WDFW,Inside Columbia River,Dungeness,Gut,NTD
12/28/20,WDFW,Inside Columbia River,Dungeness,Gut,2
12/28/20,WDFW,Inside Willapa Bay,Dungeness,Gut,15
12/28/20,WDFW,Inside Willapa Bay,Dungeness,Gut,1
12/28/20,WDFW,Inside Willapa Bay,Dungeness,Gut,4
12/28/20,WDFW,Inside Willapa Bay,Dungeness,Gut,10
12/28/20,WDFW,Inside Willapa Bay,Dungeness,Gut,NTD
12/28/20,WDFW,Inside Willapa Bay,Dungeness,Gut,25
12/29/20,QIN,Pt. Chehalis to D.I. 10 fms,Dungeness,Gut,10
12/29/20,QIN,Pt. Chehalis to D.I. 10 fms,Dungeness,Gut,2
12/29/20,QIN,Pt. Chehalis to D.I. 10 fms,Dungeness,Gut,7
12/29/20,QIN,Pt. Chehalis to D.I. 10 fms,Dungeness,Gut,15
12/29/20,QIN,Pt. Chehalis to D.I. 10 fms,Dungeness,Gut,15
12/29/20,QIN,Pt. Chehalis to D.I. 10 fms,Dungeness,Gut,8
12/29/20,QIN,Inside Grays Harbor,Dungeness,Gut,3
12/29/20,QIN,Inside Grays Harbor,Dungeness,Gut,2
12/29/20,QIN,Inside Grays Harbor,Dungeness,Gut,3
12/29/20,QIN,Inside Grays Harbor,Dungeness,Gut,4
12/29/20,QIN,Inside Grays Harbor,Dungeness,Gut,NTD
12/29/20,QIN,Inside Grays Harbor,Dungeness,Gut,12
12/29/20,QIN,Pt. Chehalis to D.I. 20 fms,Dungeness,Gut,4
12/29/20,QIN,Pt. Chehalis to D.I. 20 fms,Dungeness,Gut,12
12/29/20,QIN,Pt. Chehalis to D.I. 20 fms,Dungeness,Gut,15
12/29/20,QIN,Pt. Chehalis to D.I. 20 fms,Dungeness,Gut,23
12/29/20,QIN,Pt. Chehalis to D.I. 20 fms,Dungeness,Gut,4
12/29/20,QIN,Pt. Chehalis to D.I. 20 fms,Dungeness,Gut,11
12/29/20,Makah,Mukkaw Bay,Dungeness,Gut,3
12/29/20,Makah,Mukkaw Bay,Dungeness,Gut,3
12/29/20,Makah,Mukkaw Bay,Dungeness,Gut,5
12/29/20,Makah,Mukkaw Bay,Dungeness,Gut,3
12/29/20,Makah,Mukkaw Bay,Dungeness,Gut,5
12/29/20,Makah,Mukkaw Bay,Dungeness,Gut,4
1/6/21,WDFW,Inside Willapa Bay,Dungeness,Gut,1
1/6/21,WDFW,Inside Willapa Bay,Dungeness,Gut,16
1/6/21,WDFW,Inside Willapa Bay,Dungeness,Gut,2
1/6/21,WDFW,Inside Willapa Bay,Dungeness,Gut,6
1/6/21,WDFW,Inside Willapa Bay,Dungeness,Gut,8
1/6/21,WDFW,Inside Willapa Bay,Dungeness,Gut,18
1/6/21,QIN,Inside Grays Harbor,Dungeness,Gut,2
1/6/21,QIN,Inside Grays Harbor,Dungeness,Gut,17
1/6/21,QIN,Inside Grays Harbor,Dungeness,Gut,10
1/6/21,QIN,Inside Grays Harbor,Dungeness,Gut,8
1/6/21,QIN,Inside Grays Harbor,Dungeness,Gut,3
1/6/21,QIN,Inside Grays Harbor,Dungeness,Gut,11
1/8/21,QIN,Pt. Chehalis to D.I. 10 fms,Dungeness,Gut,5
1/8/21,QIN,Pt. Chehalis to D.I. 10 fms,Dungeness,Gut,10
1/8/21,QIN,Pt. Chehalis to D.I. 10 fms,Dungeness,Gut,5
1/8/21,QIN,Pt. Chehalis to D.I. 10 fms,Dungeness,Gut,2
1/8/21,QIN,Pt. Chehalis to D.I. 10 fms,Dungeness,Gut,6
1/8/21,QIN,Pt. Chehalis to D.I. 10 fms,Dungeness,Gut,6
1/8/21,QIN,Pt. Chehalis to D.I. 20 fms,Dungeness,Gut,3
1/8/21,QIN,Pt. Chehalis to D.I. 20 fms,Dungeness,Gut,3
1/8/21,QIN,Pt. Chehalis to D.I. 20 fms,Dungeness,Gut,8
1/8/21,QIN,Pt. Chehalis to D.I. 20 fms,Dungeness,Gut,7
1/8/21,QIN,Pt. Chehalis to D.I. 20 fms,Dungeness,Gut,15
1/8/21,QIN,Pt. Chehalis to D.I. 20 fms,Dungeness,Gut,16
1/8/21,WDFW,OR/WA border/Pt. Chehalis (Peacock Spit 7 f),Dungeness,Gut,22
1/8/21,WDFW,OR/WA border/Pt. Chehalis (Peacock Spit 7 f),Dungeness,Gut,14
1/8/21,WDFW,OR/WA border/Pt. Chehalis (Peacock Spit 7 f),Dungeness,Gut,35
1/8/21,WDFW,OR/WA border/Pt. Chehalis (Peacock Spit 7 f),Dungeness,Gut,44
1/8/21,WDFW,OR/WA border/Pt. Chehalis (Peacock Spit 7 f),Dungeness,Gut,22
1/8/21,WDFW,OR/WA border/Pt. Chehalis (Peacock Spit 7 f),Dungeness,Gut,31
1/8/21,WDFW,OR/WA border/Pt. Chehalis (Cranberry 15 f),Dungeness,Gut,1
1/8/21,WDFW,OR/WA border/Pt. Chehalis (Cranberry 15 f),Dungeness,Gut,5
1/8/21,WDFW,OR/WA border/Pt. Chehalis (Cranberry 15 f),Dungeness,Gut,2
1/8/21,WDFW,OR/WA border/Pt. Chehalis (Cranberry 15 f),Dungeness,Gut,3
1/8/21,WDFW,OR/WA border/Pt. Chehalis (Cranberry 15 f),Dungeness,Gut,10
1/8/21,WDFW,OR/WA border/Pt. Chehalis (Cranberry 15 f),Dungeness,Gut,4
1/8/21,WDFW,OR/WA border/Pt. Chehalis (Cranberry 7 f),Dungeness,Gut,38
1/8/21,WDFW,OR/WA border/Pt. Chehalis (Cranberry 7 f),Dungeness,Gut,12
1/8/21,WDFW,OR/WA border/Pt. Chehalis (Cranberry 7 f),Dungeness,Gut,24
1/8/21,WDFW,OR/WA border/Pt. Chehalis (Cranberry 7 f),Dungeness,Gut,8
1/8/21,WDFW,OR/WA border/Pt. Chehalis (Cranberry 7 f),Dungeness,Gut,5
1/8/21,WDFW,OR/WA border/Pt. Chehalis (Cranberry 7 f),Dungeness,Gut,9
1/8/21,WDFW,OR/WA border/Pt. Chehalis (LBP 7 f),Dungeness,Gut,24
1/8/21,WDFW,OR/WA border/Pt. Chehalis (LBP 7 f),Dungeness,Gut,15
1/8/21,WDFW,OR/WA border/Pt. Chehalis (LBP 7 f),Dungeness,Gut,76
1/8/21,WDFW,OR/WA border/Pt. Chehalis (LBP 7 f),Dungeness,Gut,8
1/8/21,WDFW,OR/WA border/Pt. Chehalis (LBP 7 f),Dungeness,Gut,31
1/8/21,WDFW,OR/WA border/Pt. Chehalis (LBP 7 f),Dungeness,Gut,37
1/8/21,WDFW,Inside Columbia River,Dungeness,Gut,13
1/8/21,WDFW,Inside Columbia River,Dungeness,Gut,9
1/8/21,WDFW,Inside Columbia River,Dungeness,Gut,10
1/8/21,WDFW,Inside Columbia River,Dungeness,Gut,5
1/8/21,WDFW,Inside Columbia River,Dungeness,Gut,13
1/8/21,WDFW,Inside Columbia River,Dungeness,Gut,7
1/8/21,WDFW,OR/WA border/Pt. Chehalis (Cranberry 30 f),Dungeness,Gut,15
1/8/21,WDFW,OR/WA border/Pt. Chehalis (Cranberry 30 f),Dungeness,Gut,24
1/8/21,WDFW,OR/WA border/Pt. Chehalis (Cranberry 30 f),Dungeness,Gut,4
1/8/21,WDFW,OR/WA border/Pt. Chehalis (Cranberry 30 f),Dungeness,Gut,6
1/8/21,WDFW,OR/WA border/Pt. Chehalis (Cranberry 30 f),Dungeness,Gut,8
1/8/21,WDFW,OR/WA border/Pt. Chehalis (Cranberry 30 f),Dungeness,Gut,4
1/8/21,WDFW,OR/WA border/Pt. Chehalis (Seaview 15 f),Dungeness,Gut,26
1/8/21,WDFW,OR/WA border/Pt. Chehalis (Seaview 15 f),Dungeness,Gut,18
1/8/21,WDFW,OR/WA border/Pt. Chehalis (Seaview 15 f),Dungeness,Gut,6
1/8/21,WDFW,OR/WA border/Pt. Chehalis (Seaview 15 f),Dungeness,Gut,29
1/8/21,WDFW,OR/WA border/Pt. Chehalis (Seaview 15 f),Dungeness,Gut,24
1/8/21,WDFW,OR/WA border/Pt. Chehalis (Seaview 15 f),Dungeness,Gut,24
1/8/21,WDFW,OR/WA border/Pt. Chehalis (Peacock Spit 15 f),Dungeness,Gut,20
1/8/21,WDFW,OR/WA border/Pt. Chehalis (Peacock Spit 15 f),Dungeness,Gut,21
1/8/21,WDFW,OR/WA border/Pt. Chehalis (Peacock Spit 15 f),Dungeness,Gut,72
1/8/21,WDFW,OR/WA border/Pt. Chehalis (Peacock Spit 15 f),Dungeness,Gut,8
1/8/21,WDFW,OR/WA border/Pt. Chehalis (Peacock Spit 15 f),Dungeness,Gut,63
1/8/21,WDFW,OR/WA border/Pt. Chehalis (Peacock Spit 15 f),Dungeness,Gut,24
1/19/21,QUIL,DI to US/Canada Border,Dungeness,Gut,10
1/19/21,QUIL,DI to US/Canada Border,Dungeness,Gut,4
1/19/21,QUIL,DI to US/Canada Border,Dungeness,Gut,9
1/19/21,QUIL,DI to US/Canada Border,Dungeness,Gut,8
1/19/21,QUIL,DI to US/Canada Border,Dungeness,Gut,5
1/19/21,QUIL,DI to US/Canada Border,Dungeness,Gut,4
1/19/21,WDFW,Inside Willapa Bay,Dungeness,Gut,3
1/19/21,WDFW,Inside Willapa Bay,Dungeness,Gut,3
1/19/21,WDFW,Inside Willapa Bay,Dungeness,Gut,28
1/19/21,WDFW,Inside Willapa Bay,Dungeness,Gut,5
1/19/21,WDFW,Inside Willapa Bay,Dungeness,Gut,10
1/19/21,WDFW,Inside Willapa Bay,Dungeness,Gut,35
1/19/21,WDFW,Inside Columbia River,Dungeness,Gut,13
1/19/21,WDFW,Inside Columbia River,Dungeness,Gut,NTD
1/19/21,WDFW,Inside Columbia River,Dungeness,Gut,10
1/19/21,WDFW,Inside Columbia River,Dungeness,Gut,2
1/19/21,WDFW,Inside Columbia River,Dungeness,Gut,NTD
1/19/21,WDFW,Inside Columbia River,Dungeness,Gut,1
1/19/21,WDFW,OR/WA border/Pt. Chehalis (Cranberry 30 f),Dungeness,Gut,1
1/19/21,WDFW,OR/WA border/Pt. Chehalis (Cranberry 30 f),Dungeness,Gut,1
1/19/21,WDFW,OR/WA border/Pt. Chehalis (Cranberry 30 f),Dungeness,Gut,5
1/19/21,WDFW,OR/WA border/Pt. Chehalis (Cranberry 30 f),Dungeness,Gut,NTD
1/19/21,WDFW,OR/WA border/Pt. Chehalis (Cranberry 30 f),Dungeness,Gut,14
1/19/21,WDFW,OR/WA border/Pt. Chehalis (Cranberry 30 f),Dungeness,Gut,4
1/19/21,WDFW,OR/WA border/Pt. Chehalis (Cranberry 15 f),Dungeness,Gut,2
1/19/21,WDFW,OR/WA border/Pt. Chehalis (Cranberry 15 f),Dungeness,Gut,1
1/19/21,WDFW,OR/WA border/Pt. Chehalis (Cranberry 15 f),Dungeness,Gut,13
1/19/21,WDFW,OR/WA border/Pt. Chehalis (Cranberry 15 f),Dungeness,Gut,NTD
1/19/21,WDFW,OR/WA border/Pt. Chehalis (Cranberry 15 f),Dungeness,Gut,5
1/19/21,WDFW,OR/WA border/Pt. Chehalis (Cranberry 15 f),Dungeness,Gut,27
1/19/21,WDFW,OR/WA border/Pt. Chehalis (Cranberry 7 f),Dungeness,Gut,4
1/19/21,WDFW,OR/WA border/Pt. Chehalis (Cranberry 7 f),Dungeness,Gut,4
1/19/21,WDFW,OR/WA border/Pt. Chehalis (Cranberry 7 f),Dungeness,Gut,2
1/19/21,WDFW,OR/WA border/Pt. Chehalis (Cranberry 7 f),Dungeness,Gut,2
1/19/21,WDFW,OR/WA border/Pt. Chehalis (Cranberry 7 f),Dungeness,Gut,3
1/19/21,WDFW,OR/WA border/Pt. Chehalis (Cranberry 7 f),Dungeness,Gut,6
1/19/21,WDFW,OR/WA border/Pt. Chehalis (Seaview 15 f),Dungeness,Gut,1
1/19/21,WDFW,OR/WA border/Pt. Chehalis (Seaview 15 f),Dungeness,Gut,1
1/19/21,WDFW,OR/WA border/Pt. Chehalis (Seaview 15 f),Dungeness,Gut,3
1/19/21,WDFW,OR/WA border/Pt. Chehalis (Seaview 15 f),Dungeness,Gut,4
1/19/21,WDFW,OR/WA border/Pt. Chehalis (Seaview 15 f),Dungeness,Gut,1
1/19/21,WDFW,OR/WA border/Pt. Chehalis (Seaview 15 f),Dungeness,Gut,5
1/19/21,WDFW,OR/WA border/Pt. Chehalis (Seaview 7 f),Dungeness,Gut,5
1/19/21,WDFW,OR/WA border/Pt. Chehalis (Seaview 7 f),Dungeness,Gut,14
1/19/21,WDFW,OR/WA border/Pt. Chehalis (Seaview 7 f),Dungeness,Gut,34
1/19/21,WDFW,OR/WA border/Pt. Chehalis (Seaview 7 f),Dungeness,Gut,6
1/19/21,WDFW,OR/WA border/Pt. Chehalis (Seaview 7 f),Dungeness,Gut,4
1/19/21,WDFW,OR/WA border/Pt. Chehalis (Seaview 7 f),Dungeness,Gut,4
1/19/21,WDFW,OR/WA border/Pt. Chehalis (Peacock Spit 15 f),Dungeness,Gut,6
1/19/21,WDFW,OR/WA border/Pt. Chehalis (Peacock Spit 15 f),Dungeness,Gut,5
1/19/21,WDFW,OR/WA border/Pt. Chehalis (Peacock Spit 15 f),Dungeness,Gut,3
1/19/21,WDFW,OR/WA border/Pt. Chehalis (Peacock Spit 15 f),Dungeness,Gut,4
1/19/21,WDFW,OR/WA border/Pt. Chehalis (Peacock Spit 15 f),Dungeness,Gut,2
1/19/21,WDFW,OR/WA border/Pt. Chehalis (Peacock Spit 15 f),Dungeness,Gut,2
1/19/21,WDFW,OR/WA border/Pt. Chehalis (Peacock Spit 7 f),Dungeness,Gut,6
1/19/21,WDFW,OR/WA border/Pt. Chehalis (Peacock Spit 7 f),Dungeness,Gut,2
1/19/21,WDFW,OR/WA border/Pt. Chehalis (Peacock Spit 7 f),Dungeness,Gut,3
1/19/21,WDFW,OR/WA border/Pt. Chehalis (Peacock Spit 7 f),Dungeness,Gut,3
1/19/21,WDFW,OR/WA border/Pt. Chehalis (Peacock Spit 7 f),Dungeness,Gut,3
1/19/21,WDFW,OR/WA border/Pt. Chehalis (Peacock Spit 7 f),Dungeness,Gut,10
1/20/21,QIN,Inside Grays Harbor,Dungeness,Gut,26
1/20/21,QIN,Inside Grays Harbor,Dungeness,Gut,1
1/20/21,QIN,Inside Grays Harbor,Dungeness,Gut,11
1/20/21,QIN,Inside Grays Harbor,Dungeness,Gut,21
1/20/21,QIN,Inside Grays Harbor,Dungeness,Gut,9
1/20/21,QIN,Inside Grays Harbor,Dungeness,Gut,3
1/20/21,WDFW,OR/WA border/Pt. Chehalis  (Willapa Outside 15 fms),Dungeness,Gut,15
1/20/21,WDFW,OR/WA border/Pt. Chehalis  (Willapa Outside 15 fms),Dungeness,Gut,7
1/20/21,WDFW,OR/WA border/Pt. Chehalis  (Willapa Outside 15 fms),Dungeness,Gut,7
1/20/21,WDFW,OR/WA border/Pt. Chehalis  (Willapa Outside 15 fms),Dungeness,Gut,9
1/20/21,WDFW,OR/WA border/Pt. Chehalis  (Willapa Outside 15 fms),Dungeness,Gut,12
1/20/21,WDFW,OR/WA border/Pt. Chehalis  (Willapa Outside 15 fms),Dungeness,Gut,38
1/20/21,WDFW,OR/WA border/Pt. Chehalis (Willapa Outside 7 fms),Dungeness,Gut,16
1/20/21,WDFW,OR/WA border/Pt. Chehalis (Willapa Outside 7 fms),Dungeness,Gut,7
1/20/21,WDFW,OR/WA border/Pt. Chehalis (Willapa Outside 7 fms),Dungeness,Gut,24
1/20/21,WDFW,OR/WA border/Pt. Chehalis (Willapa Outside 7 fms),Dungeness,Gut,6
1/20/21,WDFW,OR/WA border/Pt. Chehalis (Willapa Outside 7 fms),Dungeness,Gut,22
1/20/21,WDFW,OR/WA border/Pt. Chehalis (Willapa Outside 7 fms),Dungeness,Gut,6
1/20/21,WDFW,OR/WA border/Pt. Chehalis (Grayland 15 fms),Dungeness,Gut,19
1/20/21,WDFW,OR/WA border/Pt. Chehalis (Grayland 15 fms),Dungeness,Gut,8
1/20/21,WDFW,OR/WA border/Pt. Chehalis (Grayland 15 fms),Dungeness,Gut,8
1/20/21,WDFW,OR/WA border/Pt. Chehalis (Grayland 15 fms),Dungeness,Gut,7
1/20/21,WDFW,OR/WA border/Pt. Chehalis (Grayland 15 fms),Dungeness,Gut,18
1/20/21,WDFW,OR/WA border/Pt. Chehalis (Grayland 15 fms),Dungeness,Gut,6
1/20/21,WDFW,OR/WA border/Pt. Chehalis (Grayland 7 fms),Dungeness,Gut,18
1/20/21,WDFW,OR/WA border/Pt. Chehalis (Grayland 7 fms),Dungeness,Gut,9
1/20/21,WDFW,OR/WA border/Pt. Chehalis (Grayland 7 fms),Dungeness,Gut,7
1/20/21,WDFW,OR/WA border/Pt. Chehalis (Grayland 7 fms),Dungeness,Gut,3
1/20/21,WDFW,OR/WA border/Pt. Chehalis (Grayland 7 fms),Dungeness,Gut,9
1/20/21,WDFW,OR/WA border/Pt. Chehalis (Grayland 7 fms),Dungeness,Gut,13
1/28/21,WDFW,OR/WA border/Pt. Chehalis (Peacock Spit 7 f),Dungeness,Gut,1
1/28/21,WDFW,OR/WA border/Pt. Chehalis (Peacock Spit 7 f),Dungeness,Gut,1
1/28/21,WDFW,OR/WA border/Pt. Chehalis (Peacock Spit 7 f),Dungeness,Gut,49
1/28/21,WDFW,OR/WA border/Pt. Chehalis (Peacock Spit 7 f),Dungeness,Gut,20
1/28/21,WDFW,OR/WA border/Pt. Chehalis (Peacock Spit 7 f),Dungeness,Gut,4
1/28/21,WDFW,OR/WA border/Pt. Chehalis (Peacock Spit 7 f),Dungeness,Gut,19
1/28/21,WDFW,OR/WA border/Pt. Chehalis (Peacock Spit 15 f),Dungeness,Gut,14
1/28/21,WDFW,OR/WA border/Pt. Chehalis (Peacock Spit 15 f),Dungeness,Gut,3
1/28/21,WDFW,OR/WA border/Pt. Chehalis (Peacock Spit 15 f),Dungeness,Gut,18
1/28/21,WDFW,OR/WA border/Pt. Chehalis (Peacock Spit 15 f),Dungeness,Gut,7
1/28/21,WDFW,OR/WA border/Pt. Chehalis (Peacock Spit 15 f),Dungeness,Gut,5
1/28/21,WDFW,OR/WA border/Pt. Chehalis (Peacock Spit 15 f),Dungeness,Gut,NTD
1/28/21,WDFW,OR/WA border/Pt. Chehalis (Cranberry 7 f),Dungeness,Gut,25
1/28/21,WDFW,OR/WA border/Pt. Chehalis (Cranberry 7 f),Dungeness,Gut,9
1/28/21,WDFW,OR/WA border/Pt. Chehalis (Cranberry 7 f),Dungeness,Gut,28
1/28/21,WDFW,OR/WA border/Pt. Chehalis (Cranberry 7 f),Dungeness,Gut,2
1/28/21,WDFW,OR/WA border/Pt. Chehalis (Cranberry 7 f),Dungeness,Gut,4
1/28/21,WDFW,OR/WA border/Pt. Chehalis (Cranberry 7 f),Dungeness,Gut,2
1/28/21,WDFW,Inside Columbia River,Dungeness,Gut,2
1/28/21,WDFW,Inside Columbia River,Dungeness,Gut,5
1/28/21,WDFW,Inside Columbia River,Dungeness,Gut,1
1/28/21,WDFW,Inside Columbia River,Dungeness,Gut,4
1/28/21,WDFW,Inside Columbia River,Dungeness,Gut,2
1/28/21,WDFW,Inside Columbia River,Dungeness,Gut,10
1/28/21,QIN,Pt. Chehalis to D.I. 20 fms,Dungeness,Gut,16
1/28/21,QIN,Pt. Chehalis to D.I. 20 fms,Dungeness,Gut,9
1/28/21,QIN,Pt. Chehalis to D.I. 20 fms,Dungeness,Gut,1
1/28/21,QIN,Pt. Chehalis to D.I. 20 fms,Dungeness,Gut,4
1/28/21,QIN,Pt. Chehalis to D.I. 20 fms,Dungeness,Gut,6
1/28/21,QIN,Pt. Chehalis to D.I. 10 fms,Dungeness,Gut,6
1/28/21,QIN,Pt. Chehalis to D.I. 10 fms,Dungeness,Gut,8
1/28/21,QIN,Pt. Chehalis to D.I. 10 fms,Dungeness,Gut,4
1/28/21,QIN,Pt. Chehalis to D.I. 10 fms,Dungeness,Gut,7
1/28/21,QIN,Pt. Chehalis to D.I. 10 fms,Dungeness,Gut,7
1/28/21,QIN,Pt. Chehalis to D.I. 10 fms,Dungeness,Gut,8
1/28/21,QIN,Pt. Chehalis to D.I. 10 fms,Dungeness,Gut,6
1/28/21,WDFW,Inside Grays Harbor  (South Jetty),Dungeness,Gut,12
1/28/21,WDFW,Inside Grays Harbor  (South Jetty),Dungeness,Gut,2
1/28/21,WDFW,Inside Grays Harbor  (South Jetty),Dungeness,Gut,7
1/28/21,WDFW,Inside Grays Harbor  (South Jetty),Dungeness,Gut,1
1/28/21,WDFW,Inside Grays Harbor  (South Jetty),Dungeness,Gut,14
1/28/21,WDFW,Inside Grays Harbor  (South Jetty),only 5 crab collected,,
1/28/21,WDFW,OR/WA border/Pt. Chehalis  (Willapa Outside 15 fms),Dungeness,Gut,2
1/28/21,WDFW,OR/WA border/Pt. Chehalis  (Willapa Outside 15 fms),Dungeness,Gut,6
1/28/21,WDFW,OR/WA border/Pt. Chehalis  (Willapa Outside 15 fms),Dungeness,Gut,17
1/28/21,WDFW,OR/WA border/Pt. Chehalis  (Willapa Outside 15 fms),Dungeness,Gut,4
1/28/21,WDFW,OR/WA border/Pt. Chehalis  (Willapa Outside 15 fms),Dungeness,Gut,1
1/28/21,WDFW,OR/WA border/Pt. Chehalis  (Willapa Outside 15 fms),Dungeness,Gut,18
1/28/21,WDFW,OR/WA border/Pt. Chehalis (Willapa Outside 7 fms),Dungeness,Gut,6
1/28/21,WDFW,OR/WA border/Pt. Chehalis (Willapa Outside 7 fms),Dungeness,Gut,4
1/28/21,WDFW,OR/WA border/Pt. Chehalis (Willapa Outside 7 fms),Dungeness,Gut,11
1/28/21,WDFW,OR/WA border/Pt. Chehalis (Willapa Outside 7 fms),Dungeness,Gut,5
1/28/21,WDFW,OR/WA border/Pt. Chehalis (Willapa Outside 7 fms),Dungeness,Gut,2
1/28/21,WDFW,OR/WA border/Pt. Chehalis (Willapa Outside 7 fms),Dungeness,Gut,11
1/28/21,WDFW,OR/WA border/Pt. Chehalis (Grayland 15 fms),Dungeness,Gut,3
1/28/21,WDFW,OR/WA border/Pt. Chehalis (Grayland 15 fms),Dungeness,Gut,11
1/28/21,WDFW,OR/WA border/Pt. Chehalis (Grayland 15 fms),Dungeness,Gut,3
1/28/21,WDFW,OR/WA border/Pt. Chehalis (Grayland 15 fms),Dungeness,Gut,5
1/28/21,WDFW,OR/WA border/Pt. Chehalis (Grayland 15 fms),Dungeness,Gut,2
1/28/21,WDFW,OR/WA border/Pt. Chehalis (Grayland 15 fms),Dungeness,Gut,1
1/28/21,WDFW,OR/WA border/Pt. Chehalis (Grayland 7 fms),Dungeness,Gut,6
1/28/21,WDFW,OR/WA border/Pt. Chehalis (Grayland 7 fms),Dungeness,Gut,4
1/28/21,WDFW,OR/WA border/Pt. Chehalis (Grayland 7 fms),Dungeness,Gut,6
1/28/21,WDFW,OR/WA border/Pt. Chehalis (Grayland 7 fms),Dungeness,Gut,5
1/28/21,WDFW,OR/WA border/Pt. Chehalis (Grayland 7 fms),Dungeness,Gut,10
1/28/21,WDFW,OR/WA border/Pt. Chehalis (Grayland 7 fms),Dungeness,Gut,9
1/28/21,WDFW,OR/WA border/Pt. Chehalis (Seaview 15 f),Dungeness,Gut,44
1/28/21,WDFW,OR/WA border/Pt. Chehalis (Seaview 15 f),Dungeness,Gut,9
1/28/21,WDFW,OR/WA border/Pt. Chehalis (Seaview 15 f),Dungeness,Gut,12
1/28/21,WDFW,OR/WA border/Pt. Chehalis (Seaview 15 f),Dungeness,Gut,5
1/28/21,WDFW,OR/WA border/Pt. Chehalis (Seaview 15 f),Dungeness,Gut,4
1/28/21,WDFW,OR/WA border/Pt. Chehalis (Seaview 15 f),Dungeness,Gut,5
1/28/21,WDFW,OR/WA border/Pt. Chehalis (Seaview 7 f),Dungeness,Gut,4
1/28/21,WDFW,OR/WA border/Pt. Chehalis (Seaview 7 f),Dungeness,Gut,8
1/28/21,WDFW,OR/WA border/Pt. Chehalis (Seaview 7 f),Dungeness,Gut,8
1/28/21,WDFW,OR/WA border/Pt. Chehalis (Seaview 7 f),Dungeness,Gut,5
1/28/21,WDFW,OR/WA border/Pt. Chehalis (Seaview 7 f),Dungeness,Gut,20
1/28/21,WDFW,OR/WA border/Pt. Chehalis (Seaview 7 f),Dungeness,Gut,2
1/28/21,WDFW,Inside Willapa Bay,Dungeness,Gut,6
1/28/21,WDFW,Inside Willapa Bay,Dungeness,Gut,6
1/28/21,WDFW,Inside Willapa Bay,Dungeness,Gut,5
1/28/21,WDFW,Inside Willapa Bay,Dungeness,Gut,13
1/28/21,WDFW,Inside Willapa Bay,Dungeness,Gut,16
1/28/21,WDFW,Inside Willapa Bay,Dungeness,Gut,2
2/4/21,WDFW,Inside Willapa Bay,Dungeness,Gut,11
2/4/21,WDFW,Inside Willapa Bay,Dungeness,Gut,5
2/4/21,WDFW,Inside Willapa Bay,Dungeness,Gut,20
2/4/21,WDFW,Inside Willapa Bay,Dungeness,Gut,8
2/4/21,WDFW,Inside Willapa Bay,Dungeness,Gut,24
2/4/21,WDFW,Inside Willapa Bay,Dungeness,Gut,3
2/4/21,WDFW,OR/WA border/Pt. Chehalis (Willapa Outside 7 fms),Dungeness,Gut,20
2/4/21,WDFW,OR/WA border/Pt. Chehalis (Willapa Outside 7 fms),Dungeness,Gut,4
2/4/21,WDFW,OR/WA border/Pt. Chehalis (Willapa Outside 7 fms),Dungeness,Gut,5
2/4/21,WDFW,OR/WA border/Pt. Chehalis (Willapa Outside 7 fms),Dungeness,Gut,9
2/4/21,WDFW,OR/WA border/Pt. Chehalis (Willapa Outside 7 fms),Dungeness,Gut,13
2/4/21,WDFW,OR/WA border/Pt. Chehalis (Willapa Outside 7 fms),Dungeness,Gut,15
2/4/21,WDFW,OR/WA border/Pt. Chehalis (Grayland 15 fms),Dungeness,Gut,6
2/4/21,WDFW,OR/WA border/Pt. Chehalis (Grayland 15 fms),Dungeness,Gut,5
2/4/21,WDFW,OR/WA border/Pt. Chehalis (Grayland 15 fms),Dungeness,Gut,4
2/4/21,WDFW,OR/WA border/Pt. Chehalis (Grayland 15 fms),Dungeness,Gut,4
2/4/21,WDFW,OR/WA border/Pt. Chehalis (Grayland 15 fms),Dungeness,Gut,10
2/4/21,WDFW,OR/WA border/Pt. Chehalis (Grayland 15 fms),Dungeness,Gut,8
2/4/21,WDFW,OR/WA border/Pt. Chehalis (Grayland 7 fms),Dungeness,Gut,3
2/4/21,WDFW,OR/WA border/Pt. Chehalis (Grayland 7 fms),Dungeness,Gut,4
2/4/21,WDFW,OR/WA border/Pt. Chehalis (Grayland 7 fms),Dungeness,Gut,6
2/4/21,WDFW,OR/WA border/Pt. Chehalis (Grayland 7 fms),Dungeness,Gut,9
2/4/21,WDFW,OR/WA border/Pt. Chehalis (Grayland 7 fms),Dungeness,Gut,9
2/4/21,WDFW,OR/WA border/Pt. Chehalis (Grayland 7 fms),Dungeness,Gut,13
2/4/21,WDFW,OR/WA border/Pt. Chehalis (Peacock Spit 15 f),Dungeness,Gut,2
2/4/21,WDFW,OR/WA border/Pt. Chehalis (Peacock Spit 15 f),Dungeness,Gut,1
2/4/21,WDFW,OR/WA border/Pt. Chehalis (Peacock Spit 15 f),Dungeness,Gut,36
2/4/21,WDFW,OR/WA border/Pt. Chehalis (Peacock Spit 15 f),Dungeness,Gut,2
2/4/21,WDFW,OR/WA border/Pt. Chehalis (Peacock Spit 15 f),Dungeness,Gut,2
2/4/21,WDFW,OR/WA border/Pt. Chehalis (Peacock Spit 15 f),only 5 crab collected,,
2/4/21,WDFW,OR/WA border/Pt. Chehalis (Peacock Spit 7 f),Dungeness,Gut,10
2/4/21,WDFW,OR/WA border/Pt. Chehalis (Peacock Spit 7 f),Dungeness,Gut,4
2/4/21,WDFW,OR/WA border/Pt. Chehalis (Peacock Spit 7 f),Dungeness,Gut,2
2/4/21,WDFW,OR/WA border/Pt. Chehalis (Peacock Spit 7 f),Dungeness,Gut,4
2/4/21,WDFW,OR/WA border/Pt. Chehalis (Peacock Spit 7 f),Dungeness,Gut,20
2/4/21,WDFW,OR/WA border/Pt. Chehalis (Peacock Spit 7 f),Dungeness,Gut,6
2/4/21,WDFW,OR/WA border/Pt. Chehalis (Cranberry 15 f),Dungeness,Gut,14
2/4/21,WDFW,OR/WA border/Pt. Chehalis (Cranberry 15 f),Dungeness,Gut,1
2/4/21,WDFW,OR/WA border/Pt. Chehalis (Cranberry 15 f),Dungeness,Gut,2
2/4/21,WDFW,OR/WA border/Pt. Chehalis (Cranberry 15 f),Dungeness,Gut,4
2/4/21,WDFW,OR/WA border/Pt. Chehalis (Cranberry 15 f),Dungeness,Gut,2
2/4/21,WDFW,OR/WA border/Pt. Chehalis (Cranberry 15 f),Dungeness,Gut,2
2/4/21,WDFW,OR/WA border/Pt. Chehalis (Cranberry 7 f),Dungeness,Gut,4
2/4/21,WDFW,OR/WA border/Pt. Chehalis (Cranberry 7 f),Dungeness,Gut,4
2/4/21,WDFW,OR/WA border/Pt. Chehalis (Cranberry 7 f),Dungeness,Gut,3
2/4/21,WDFW,OR/WA border/Pt. Chehalis (Cranberry 7 f),Dungeness,Gut,5
2/4/21,WDFW,OR/WA border/Pt. Chehalis (Cranberry 7 f),Dungeness,Gut,3
2/4/21,WDFW,OR/WA border/Pt. Chehalis (Cranberry 7 f),Dungeness,Gut,3
2/4/21,WDFW,OR/WA border/Pt. Chehalis (Seaview 15 f),Dungeness,Gut,4
2/4/21,WDFW,OR/WA border/Pt. Chehalis (Seaview 15 f),Dungeness,Gut,2
2/4/21,WDFW,OR/WA border/Pt. Chehalis (Seaview 15 f),Dungeness,Gut,1
2/4/21,WDFW,OR/WA border/Pt. Chehalis (Seaview 15 f),Dungeness,Gut,2
2/4/21,WDFW,OR/WA border/Pt. Chehalis (Seaview 15 f),Dungeness,Gut,2
2/4/21,WDFW,OR/WA border/Pt. Chehalis (Seaview 15 f),Dungeness,Gut,2
2/4/21,WDFW,OR/WA border/Pt. Chehalis (Seaview 7 f),Dungeness,Gut,3
2/4/21,WDFW,OR/WA border/Pt. Chehalis (Seaview 7 f),Dungeness,Gut,3
2/4/21,WDFW,OR/WA border/Pt. Chehalis (Seaview 7 f),Dungeness,Gut,3
2/4/21,WDFW,OR/WA border/Pt. Chehalis (Seaview 7 f),Dungeness,Gut,9
2/4/21,WDFW,OR/WA border/Pt. Chehalis (Seaview 7 f),Dungeness,Gut,6
2/4/21,WDFW,OR/WA border/Pt. Chehalis (Seaview 7 f),Dungeness,Gut,6
2/4/21,WDFW,Inside Columbia River,Dungeness,Gut,9
2/4/21,WDFW,Inside Columbia River,Dungeness,Gut,8
2/4/21,WDFW,Inside Columbia River,Dungeness,Gut,2
2/4/21,WDFW,Inside Columbia River,Dungeness,Gut,2
2/4/21,WDFW,Inside Columbia River,Dungeness,Gut,2
2/4/21,WDFW,Inside Columbia River,Dungeness,Gut,2
2/4/21,WDFW,Inside Grays Harbor,Dungeness,Gut,6
2/4/21,WDFW,Inside Grays Harbor,Dungeness,Gut,28
2/4/21,WDFW,Inside Grays Harbor,Dungeness,Gut,20
2/4/21,WDFW,Inside Grays Harbor,Dungeness,Gut,13
2/4/21,WDFW,Inside Grays Harbor,Dungeness,Gut,4
2/4/21,WDFW,Inside Grays Harbor,Dungeness,Gut,6
2/10/21,WDFW,Inside Willapa Bay,Dungeness,Gut,14
2/10/21,WDFW,Inside Willapa Bay,Dungeness,Gut,9
2/10/21,WDFW,Inside Willapa Bay,Dungeness,Gut,1
2/10/21,WDFW,Inside Willapa Bay,Dungeness,Gut,4
2/10/21,WDFW,Inside Willapa Bay,Dungeness,Gut,7
2/10/21,WDFW,Inside Willapa Bay,Dungeness,Gut,2
2/10/21,WDFW,OR/WA border/Pt. Chehalis (Willapa Outside 15 fms),Dungeness,Gut,1
2/10/21,WDFW,OR/WA border/Pt. Chehalis (Willapa Outside 15 fms),Dungeness,Gut,15
2/10/21,WDFW,OR/WA border/Pt. Chehalis (Willapa Outside 15 fms),Dungeness,Gut,2
2/10/21,WDFW,OR/WA border/Pt. Chehalis (Willapa Outside 15 fms),Dungeness,Gut,21
2/10/21,WDFW,OR/WA border/Pt. Chehalis (Willapa Outside 15 fms),Dungeness,Gut,21
2/10/21,WDFW,OR/WA border/Pt. Chehalis (Willapa Outside 15 fms),Dungeness,Gut,16
2/10/21,WDFW,OR/WA border/Pt. Chehalis (Willapa Outside 7 fms),Dungeness,Gut,2
2/10/21,WDFW,OR/WA border/Pt. Chehalis (Willapa Outside 7 fms),Dungeness,Gut,4
2/10/21,WDFW,OR/WA border/Pt. Chehalis (Willapa Outside 7 fms),Dungeness,Gut,6
2/10/21,WDFW,OR/WA border/Pt. Chehalis (Willapa Outside 7 fms),Dungeness,Gut,4
2/10/21,WDFW,OR/WA border/Pt. Chehalis (Willapa Outside 7 fms),Dungeness,Gut,18
2/10/21,WDFW,OR/WA border/Pt. Chehalis (Willapa Outside 7 fms),Dungeness,Gut,6
2/10/21,WDFW,OR/WA border/Pt. Chehalis (Grayland 15 fms),Dungeness,Gut,5
2/10/21,WDFW,OR/WA border/Pt. Chehalis (Grayland 15 fms),Dungeness,Gut,2
2/10/21,WDFW,OR/WA border/Pt. Chehalis (Grayland 15 fms),Dungeness,Gut,4
2/10/21,WDFW,OR/WA border/Pt. Chehalis (Grayland 15 fms),Dungeness,Gut,6
2/10/21,WDFW,OR/WA border/Pt. Chehalis (Grayland 15 fms),Dungeness,Gut,
2/10/21,WDFW,OR/WA border/Pt. Chehalis (Grayland 15 fms),Dungeness,Gut,
2/10/21,WDFW,OR/WA border/Pt. Chehalis (Grayland 7 fms),Dungeness,Gut,1
2/10/21,WDFW,OR/WA border/Pt. Chehalis (Grayland 7 fms),Dungeness,Gut,4
2/10/21,WDFW,OR/WA border/Pt. Chehalis (Grayland 7 fms),Dungeness,Gut,2
2/10/21,WDFW,OR/WA border/Pt. Chehalis (Grayland 7 fms),Dungeness,Gut,2
2/10/21,WDFW,OR/WA border/Pt. Chehalis (Grayland 7 fms),Dungeness,Gut,2
2/10/21,WDFW,OR/WA border/Pt. Chehalis (Grayland 7 fms),Dungeness,Gut,2
2/10/21,WDFW,OR/WA border/Pt. Chehalis (Seaview 7 f),Dungeness,Gut,2
2/10/21,WDFW,OR/WA border/Pt. Chehalis (Seaview 7 f),Dungeness,Gut,6
2/10/21,WDFW,OR/WA border/Pt. Chehalis (Seaview 7 f),Dungeness,Gut,2
2/10/21,WDFW,OR/WA border/Pt. Chehalis (Seaview 7 f),Dungeness,Gut,4
2/10/21,WDFW,OR/WA border/Pt. Chehalis (Seaview 7 f),Dungeness,Gut,2
2/10/21,WDFW,OR/WA border/Pt. Chehalis (Seaview 7 f),Dungeness,Gut,18
2/10/21,WDFW,Inside Grays Harbor,Dungeness,Gut,1
2/10/21,WDFW,Inside Grays Harbor,Dungeness,Gut,8
2/10/21,WDFW,Inside Grays Harbor,Dungeness,Gut,4
2/10/21,WDFW,Inside Grays Harbor,Dungeness,Gut,11
2/10/21,WDFW,Inside Grays Harbor,Dungeness,Gut,2
2/10/21,WDFW,Inside Grays Harbor,Dungeness,Gut,1
2/10/21,WDFW,OR/WA border/Pt. Chehalis (Peacock Spit 15 f),Dungeness,Gut,4
2/10/21,WDFW,OR/WA border/Pt. Chehalis (Peacock Spit 15 f),Dungeness,Gut,33
2/10/21,WDFW,OR/WA border/Pt. Chehalis (Peacock Spit 15 f),Dungeness,Gut,45
2/10/21,WDFW,OR/WA border/Pt. Chehalis (Peacock Spit 15 f),Dungeness,Gut,13
2/10/21,WDFW,OR/WA border/Pt. Chehalis (Peacock Spit 15 f),Dungeness,Gut,45
2/10/21,WDFW,OR/WA border/Pt. Chehalis (Peacock Spit 15 f),Dungeness,Gut,35
2/10/21,WDFW,OR/WA border/Pt. Chehalis (Peacock Spit 7 f),Dungeness,Gut,9
2/10/21,WDFW,OR/WA border/Pt. Chehalis (Peacock Spit 7 f),Dungeness,Gut,40
2/10/21,WDFW,OR/WA border/Pt. Chehalis (Peacock Spit 7 f),Dungeness,Gut,47
2/10/21,WDFW,OR/WA border/Pt. Chehalis (Peacock Spit 7 f),Dungeness,Gut,22
2/10/21,WDFW,OR/WA border/Pt. Chehalis (Peacock Spit 7 f),Dungeness,Gut,12
2/10/21,WDFW,OR/WA border/Pt. Chehalis (Peacock Spit 7 f),Dungeness,Gut,46
2/10/21,WDFW,OR/WA border/Pt. Chehalis (Seaview 15 f),Dungeness,Gut,3
2/10/21,WDFW,OR/WA border/Pt. Chehalis (Seaview 15 f),Dungeness,Gut,3
2/10/21,WDFW,OR/WA border/Pt. Chehalis (Seaview 15 f),Dungeness,Gut,6
2/10/21,WDFW,OR/WA border/Pt. Chehalis (Seaview 15 f),Dungeness,Gut,8
2/10/21,WDFW,OR/WA border/Pt. Chehalis (Seaview 15 f),Dungeness,Gut,3
2/10/21,WDFW,OR/WA border/Pt. Chehalis (Seaview 15 f),Dungeness,Gut,2
2/10/21,WDFW,OR/WA border/Pt. Chehalis (Cranberry 15 f),Dungeness,Gut,1
2/10/21,WDFW,OR/WA border/Pt. Chehalis (Cranberry 15 f),Dungeness,Gut,6
2/10/21,WDFW,OR/WA border/Pt. Chehalis (Cranberry 15 f),Dungeness,Gut,3
2/10/21,WDFW,OR/WA border/Pt. Chehalis (Cranberry 15 f),Dungeness,Gut,2
2/10/21,WDFW,OR/WA border/Pt. Chehalis (Cranberry 15 f),Dungeness,Gut,10
2/10/21,WDFW,OR/WA border/Pt. Chehalis (Cranberry 15 f),Dungeness,Gut,2
2/10/21,WDFW,OR/WA border/Pt. Chehalis (Cranberry 7 f),Dungeness,Gut,2
2/10/21,WDFW,OR/WA border/Pt. Chehalis (Cranberry 7 f),Dungeness,Gut,2
2/10/21,WDFW,OR/WA border/Pt. Chehalis (Cranberry 7 f),Dungeness,Gut,4
2/10/21,WDFW,OR/WA border/Pt. Chehalis (Cranberry 7 f),Dungeness,Gut,4
2/10/21,WDFW,OR/WA border/Pt. Chehalis (Cranberry 7 f),Dungeness,Gut,2
2/10/21,WDFW,OR/WA border/Pt. Chehalis (Cranberry 7 f),Dungeness,Gut,11
2/18/21,WDFW,Pt. Chehalis to D.I. (Ocean Shores),Dungeness,Gut,1
2/18/21,WDFW,Pt. Chehalis to D.I. (Ocean Shores),Dungeness,Gut,2
2/18/21,WDFW,Pt. Chehalis to D.I. (Ocean Shores),Dungeness,Gut,7
2/18/21,WDFW,Pt. Chehalis to D.I. (Ocean Shores),Dungeness,Gut,1
2/18/21,WDFW,Pt. Chehalis to D.I. (Ocean Shores),Dungeness,Gut,1
2/18/21,WDFW,Pt. Chehalis to D.I. (Ocean Shores),Dungeness,Gut,4
2/18/21,WDFW,Pt. Chehalis to D.I. (Copalis),Dungeness,Gut,9
2/18/21,WDFW,Pt. Chehalis to D.I. (Copalis),Dungeness,Gut,6
2/18/21,WDFW,Pt. Chehalis to D.I. (Copalis),Dungeness,Gut,9
2/18/21,WDFW,Pt. Chehalis to D.I. (Copalis),Dungeness,Gut,6
2/18/21,WDFW,Pt. Chehalis to D.I. (Copalis),Dungeness,Gut,5
2/18/21,WDFW,Pt. Chehalis to D.I. (Copalis),Dungeness,Gut,8
2/18/21,WDFW,OR/WA border/Pt. Chehalis (Grayland ),Dungeness,Gut,1
2/18/21,WDFW,OR/WA border/Pt. Chehalis (Grayland ),Dungeness,Gut,<1
2/18/21,WDFW,OR/WA border/Pt. Chehalis (Grayland ),Dungeness,Gut,2
2/18/21,WDFW,OR/WA border/Pt. Chehalis (Grayland ),Dungeness,Gut,2
2/18/21,WDFW,OR/WA border/Pt. Chehalis (Grayland ),Dungeness,Gut,1
2/18/21,WDFW,OR/WA border/Pt. Chehalis (Grayland ),Dungeness,Gut,1
2/18/21,WDFW,Inside Grays Harbor,Dungeness,Gut,6
2/18/21,WDFW,Inside Grays Harbor,Dungeness,Gut,7
2/18/21,WDFW,Inside Grays Harbor,Dungeness,Gut,7
2/18/21,WDFW,Inside Grays Harbor,Dungeness,Gut,6
2/18/21,WDFW,Inside Grays Harbor,Dungeness,Gut,10
2/18/21,WDFW,Inside Grays Harbor,Dungeness,Gut,12
2/18/21,WDFW,Inside Willapa Bay,Dungeness,Gut,6
2/18/21,WDFW,Inside Willapa Bay,Dungeness,Gut,7
2/18/21,WDFW,Inside Willapa Bay,Dungeness,Gut,7
2/18/21,WDFW,Inside Willapa Bay,Dungeness,Gut,6
2/18/21,WDFW,Inside Willapa Bay,Dungeness,Gut,10
2/18/21,WDFW,Inside Willapa Bay,Dungeness,Gut,12
2/18/21,WDFW,Westport Boat Basin,Dungeness,Gut,1
2/18/21,WDFW,Westport Boat Basin,Dungeness,Gut,1
2/18/21,WDFW,Westport Boat Basin,Dungeness,Gut,1
2/18/21,WDFW,Westport Boat Basin,Dungeness,Gut,1
2/18/21,WDFW,Westport Boat Basin,Dungeness,Gut,1
2/18/21,WDFW,Westport Boat Basin,Dungeness,Gut,1
2/18/21,WDFW,OR/WA border/(Outside Willapa ),Dungeness,Gut,4
2/18/21,WDFW,OR/WA border/(Outside Willapa ),Dungeness,Gut,3
2/18/21,WDFW,OR/WA border/(Outside Willapa ),Dungeness,Gut,1
2/18/21,WDFW,OR/WA border/(Outside Willapa ),Dungeness,Gut,2
2/18/21,WDFW,OR/WA border/(Outside Willapa ),Dungeness,Gut,5
2/18/21,WDFW,OR/WA border/(Outside Willapa ),Dungeness,Gut,12
2/18/21,WDFW,OR/WA border/Klipsan (Seaview),Dungeness,Gut,17
2/18/21,WDFW,OR/WA border/Klipsan (Seaview),Dungeness,Gut,12
2/18/21,WDFW,OR/WA border/Klipsan (Seaview),Dungeness,Gut,2
2/18/21,WDFW,OR/WA border/Klipsan (Seaview),Dungeness,Gut,7
2/18/21,WDFW,OR/WA border/Klipsan (Seaview),Dungeness,Gut,3
2/18/21,WDFW,OR/WA border/Klipsan (Seaview),Dungeness,Gut,6
2/18/21,WDFW,OR/WA border/Klipsan (Peacock Spit),Dungeness,Gut,7
2/18/21,WDFW,OR/WA border/Klipsan (Peacock Spit),Dungeness,Gut,1
2/18/21,WDFW,OR/WA border/Klipsan (Peacock Spit),Dungeness,Gut,6
2/18/21,WDFW,OR/WA border/Klipsan (Peacock Spit),Dungeness,Gut,1
2/18/21,WDFW,OR/WA border/Klipsan (Peacock Spit),Dungeness,Gut,2
2/18/21,WDFW,OR/WA border/Klipsan (Peacock Spit),Dungeness,Gut,3
2/24/21,WDFW,Pt. Chehalis to D.I. (Ocean Shores),Dungeness,Gut,5
2/24/21,WDFW,Pt. Chehalis to D.I. (Ocean Shores),Dungeness,Gut,6
2/24/21,WDFW,Pt. Chehalis to D.I. (Ocean Shores),Dungeness,Gut,5
2/24/21,WDFW,Pt. Chehalis to D.I. (Ocean Shores),Dungeness,Gut,6
2/24/21,WDFW,Pt. Chehalis to D.I. (Ocean Shores),Dungeness,Gut,3
2/24/21,WDFW,Pt. Chehalis to D.I. (Ocean Shores),Dungeness,Gut,6
2/24/21,WDFW,Klipsan/Pt. Chehalis (Ocean Park),Dungeness,Gut,25
2/24/21,WDFW,Klipsan/Pt. Chehalis (Ocean Park),Dungeness,Gut,6
2/24/21,WDFW,Klipsan/Pt. Chehalis (Ocean Park),Dungeness,Gut,21
2/24/21,WDFW,Klipsan/Pt. Chehalis (Ocean Park),Dungeness,Gut,12
2/24/21,WDFW,Klipsan/Pt. Chehalis (Ocean Park),Dungeness,Gut,53
2/24/21,WDFW,Klipsan/Pt. Chehalis (Ocean Park),Dungeness,Gut,40
2/24/21,WDFW,Inside Willapa Bay,Dungeness,Gut,8
2/24/21,WDFW,Inside Willapa Bay,Dungeness,Gut,3
2/24/21,WDFW,Inside Willapa Bay,Dungeness,Gut,5
2/24/21,WDFW,Inside Willapa Bay,Dungeness,Gut,2
2/24/21,WDFW,Inside Willapa Bay,Dungeness,Gut,6
2/24/21,WDFW,Inside Willapa Bay,Dungeness,Gut,14
2/24/21,WDFW,Inside Grays Harbor,Dungeness,Gut,3
2/24/21,WDFW,Inside Grays Harbor,Dungeness,Gut,15
2/24/21,WDFW,Inside Grays Harbor,Dungeness,Gut,12
2/24/21,WDFW,Inside Grays Harbor,Dungeness,Gut,81
2/24/21,WDFW,Inside Grays Harbor,Dungeness,Gut,7
2/24/21,WDFW,Inside Grays Harbor,Dungeness,Gut,43
2/24/21,WDFW,OR/WA border/Klipsan (Peacock Spit),Dungeness,Gut,3
2/24/21,WDFW,OR/WA border/Klipsan (Peacock Spit),Dungeness,Gut,4
2/24/21,WDFW,OR/WA border/Klipsan (Peacock Spit),Dungeness,Gut,1
2/24/21,WDFW,OR/WA border/Klipsan (Peacock Spit),Dungeness,Gut,1
2/24/21,WDFW,OR/WA border/Klipsan (Peacock Spit),Dungeness,Gut,2
2/24/21,WDFW,OR/WA border/Klipsan (Peacock Spit),Dungeness,Gut,3
2/24/21,WDFW,OR/WA border/Pt. Chehalis (Grayland ),Dungeness,Gut,4
2/24/21,WDFW,OR/WA border/Pt. Chehalis (Grayland ),Dungeness,Gut,7
2/24/21,WDFW,OR/WA border/Pt. Chehalis (Grayland ),Dungeness,Gut,10
2/24/21,WDFW,OR/WA border/Pt. Chehalis (Grayland ),Dungeness,Gut,4
2/24/21,WDFW,OR/WA border/Pt. Chehalis (Grayland ),Dungeness,Gut,12
2/24/21,WDFW,OR/WA border/Pt. Chehalis (Grayland ),Dungeness,Gut,5
2/24/21,WDFW,OR/WA border/Klipsan (Cranberryberry),Dungeness,Gut,39
2/24/21,WDFW,OR/WA border/Klipsan (Cranberryberry),Dungeness,Gut,19
2/24/21,WDFW,OR/WA border/Klipsan (Cranberryberry),Dungeness,Gut,4
2/24/21,WDFW,OR/WA border/Klipsan (Cranberryberry),Dungeness,Gut,20
2/24/21,WDFW,OR/WA border/Klipsan (Cranberryberry),Dungeness,Gut,30
2/24/21,WDFW,OR/WA border/Klipsan (Cranberryberry),Dungeness,Gut,21
2/24/21,WDFW,Pt. Chehalis to D.I. (Copalis),Dungeness,Gut,3
2/24/21,WDFW,Pt. Chehalis to D.I. (Copalis),Dungeness,Gut,2
2/24/21,WDFW,Pt. Chehalis to D.I. (Copalis),Dungeness,Gut,4
2/24/21,WDFW,Pt. Chehalis to D.I. (Copalis),Dungeness,Gut,3
2/24/21,WDFW,Pt. Chehalis to D.I. (Copalis),Dungeness,Gut,3
2/24/21,WDFW,Pt. Chehalis to D.I. (Copalis),Dungeness,Gut,5